Subject,Event,Band,Direction,SPE
S001,T0,Raw,Horizontal,0.6955621647668249
S001,T1,Raw,Horizontal,0.6830067314818666
S001,T2,Raw,Horizontal,0.685726290483955
S001,T0,Alpha,Horizontal,0.6784853255938338
S001,T1,Alpha,Horizontal,0.6996111880369076
S001,T2,Alpha,Horizontal,0.6687506518284694
S001,T0,Beta,Horizontal,0.7009607007810775
S001,T1,Beta,Horizontal,0.6938891980952008
S001,T2,Beta,Horizontal,0.6996162231731395
S001,T0,Raw,Vertical,0.630425651120929
S001,T1,Raw,Vertical,0.6331932844952531
S001,T2,Raw,Vertical,0.5804405011478969
S001,T0,Alpha,Vertical,0.6399197317933707
S001,T1,Alpha,Vertical,0.6712240663013058
S001,T2,Alpha,Vertical,0.5822088963063083
S001,T0,Beta,Vertical,0.693311337168166
S001,T1,Beta,Vertical,0.6917502442332957
S001,T2,Beta,Vertical,0.6437740964332169
S002,T0,Raw,Horizontal,0.7350635425602707
S002,T1,Raw,Horizontal,0.7424309556495825
S002,T2,Raw,Horizontal,0.7379297249492247
S002,T0,Alpha,Horizontal,0.6209250937115859
S002,T1,Alpha,Horizontal,0.6244171489327023
S002,T2,Alpha,Horizontal,0.6301413586367338
S002,T0,Beta,Horizontal,0.6640412155664402
S002,T1,Beta,Horizontal,0.6613462319191483
S002,T2,Beta,Horizontal,0.6649607021763903
S002,T0,Raw,Vertical,0.4261067653597628
S002,T1,Raw,Vertical,0.4615812622879653
S002,T2,Raw,Vertical,0.4665202921683976
S002,T0,Alpha,Vertical,0.5477028389439439
S002,T1,Alpha,Vertical,0.5456710222115043
S002,T2,Alpha,Vertical,0.5325680906614954
S002,T0,Beta,Vertical,0.6479499886729146
S002,T1,Beta,Vertical,0.6458350028021744
S002,T2,Beta,Vertical,0.635503513129603
S003,T0,Raw,Horizontal,0.7597629914436943
S003,T1,Raw,Horizontal,0.7666965742029576
S003,T2,Raw,Horizontal,0.74950328337603
S003,T0,Alpha,Horizontal,0.6899463864991633
S003,T1,Alpha,Horizontal,0.7147686634990918
S003,T2,Alpha,Horizontal,0.7002741137080062
S003,T0,Beta,Horizontal,0.6705561575313174
S003,T1,Beta,Horizontal,0.6898008156440512
S003,T2,Beta,Horizontal,0.6898653133087018
S003,T0,Raw,Vertical,0.6443125200888139
S003,T1,Raw,Vertical,0.7945933542637054
S003,T2,Raw,Vertical,0.804998980534046
S003,T0,Alpha,Vertical,0.631252598249662
S003,T1,Alpha,Vertical,0.6889354019292783
S003,T2,Alpha,Vertical,0.6944486590558246
S003,T0,Beta,Vertical,0.6893384764767819
S003,T1,Beta,Vertical,0.714984247544161
S003,T2,Beta,Vertical,0.7134092000395527
S004,T0,Raw,Horizontal,0.7073088804540979
S004,T1,Raw,Horizontal,0.7187832633871887
S004,T2,Raw,Horizontal,0.7186367293714147
S004,T0,Alpha,Horizontal,0.6882531695694969
S004,T1,Alpha,Horizontal,0.6935437239167572
S004,T2,Alpha,Horizontal,0.6823965304097781
S004,T0,Beta,Horizontal,0.7000034560544827
S004,T1,Beta,Horizontal,0.7108036574812258
S004,T2,Beta,Horizontal,0.7064294343827914
S004,T0,Raw,Vertical,0.7178567532869616
S004,T1,Raw,Vertical,0.7390192994492645
S004,T2,Raw,Vertical,0.7379633872712722
S004,T0,Alpha,Vertical,0.6720394213322246
S004,T1,Alpha,Vertical,0.6768605539579643
S004,T2,Alpha,Vertical,0.6821828993821072
S004,T0,Beta,Vertical,0.7188480087521177
S004,T1,Beta,Vertical,0.7329421034084518
S004,T2,Beta,Vertical,0.7318913781690188
S005,T0,Raw,Horizontal,0.7212634117310669
S005,T1,Raw,Horizontal,0.7295616836986946
S005,T2,Raw,Horizontal,0.7270824462540848
S005,T0,Alpha,Horizontal,0.7020883737010594
S005,T1,Alpha,Horizontal,0.6981247377799603
S005,T2,Alpha,Horizontal,0.7078202815713999
S005,T0,Beta,Horizontal,0.6987431483728213
S005,T1,Beta,Horizontal,0.708461373178429
S005,T2,Beta,Horizontal,0.704071499760185
S005,T0,Raw,Vertical,0.5841530460456612
S005,T1,Raw,Vertical,0.6037354726087578
S005,T2,Raw,Vertical,0.6006513503685302
S005,T0,Alpha,Vertical,0.6783541171391447
S005,T1,Alpha,Vertical,0.6968913277837052
S005,T2,Alpha,Vertical,0.684258762353011
S005,T0,Beta,Vertical,0.7161385353335298
S005,T1,Beta,Vertical,0.7194108735393366
S005,T2,Beta,Vertical,0.711978884347253
S006,T0,Raw,Horizontal,0.6729650936202708
S006,T1,Raw,Horizontal,0.6730297045208052
S006,T2,Raw,Horizontal,0.6865107255040604
S006,T0,Alpha,Horizontal,0.6333911489133738
S006,T1,Alpha,Horizontal,0.6261568968033766
S006,T2,Alpha,Horizontal,0.6240637505019341
S006,T0,Beta,Horizontal,0.672463264845589
S006,T1,Beta,Horizontal,0.6726884337044394
S006,T2,Beta,Horizontal,0.6681760707253185
S006,T0,Raw,Vertical,0.5533699065066221
S006,T1,Raw,Vertical,0.569142433034107
S006,T2,Raw,Vertical,0.5628088158657284
S006,T0,Alpha,Vertical,0.53853814748338
S006,T1,Alpha,Vertical,0.5637276100452011
S006,T2,Alpha,Vertical,0.5952740254996413
S006,T0,Beta,Vertical,0.6087462342334129
S006,T1,Beta,Vertical,0.6246744097617791
S006,T2,Beta,Vertical,0.6448810735580384
S007,T0,Raw,Horizontal,0.7563263929022911
S007,T1,Raw,Horizontal,0.7530709638479268
S007,T2,Raw,Horizontal,0.742811587929968
S007,T0,Alpha,Horizontal,0.67571994562694
S007,T1,Alpha,Horizontal,0.686729913303785
S007,T2,Alpha,Horizontal,0.6925063813360101
S007,T0,Beta,Horizontal,0.7061763472303598
S007,T1,Beta,Horizontal,0.7049915144285405
S007,T2,Beta,Horizontal,0.7107873252022805
S007,T0,Raw,Vertical,0.640743421018024
S007,T1,Raw,Vertical,0.7101561770184138
S007,T2,Raw,Vertical,0.7021297237796387
S007,T0,Alpha,Vertical,0.618294732021621
S007,T1,Alpha,Vertical,0.658485338144098
S007,T2,Alpha,Vertical,0.6387527021119412
S007,T0,Beta,Vertical,0.6936225201637759
S007,T1,Beta,Vertical,0.7040197810568715
S007,T2,Beta,Vertical,0.701768967316176
S008,T0,Raw,Horizontal,0.7450452938009035
S008,T1,Raw,Horizontal,0.7298486841105435
S008,T2,Raw,Horizontal,0.752999400191317
S008,T0,Alpha,Horizontal,0.6719141495156106
S008,T1,Alpha,Horizontal,0.6804362681427784
S008,T2,Alpha,Horizontal,0.6762034383467024
S008,T0,Beta,Horizontal,0.6799096182686416
S008,T1,Beta,Horizontal,0.6772363842843879
S008,T2,Beta,Horizontal,0.6842520744053322
S008,T0,Raw,Vertical,0.6148162307540012
S008,T1,Raw,Vertical,0.56292825201317
S008,T2,Raw,Vertical,0.5729444982677427
S008,T0,Alpha,Vertical,0.6281315992992932
S008,T1,Alpha,Vertical,0.639009913406654
S008,T2,Alpha,Vertical,0.6334638823840353
S008,T0,Beta,Vertical,0.7105929030213021
S008,T1,Beta,Vertical,0.7104007691041775
S008,T2,Beta,Vertical,0.7092612985364984
S009,T0,Raw,Horizontal,0.7497569949661609
S009,T1,Raw,Horizontal,0.7521439080615903
S009,T2,Raw,Horizontal,0.7456720708997286
S009,T0,Alpha,Horizontal,0.6136058826291594
S009,T1,Alpha,Horizontal,0.6252855010771657
S009,T2,Alpha,Horizontal,0.645949067526351
S009,T0,Beta,Horizontal,0.650864005484801
S009,T1,Beta,Horizontal,0.6607087247219925
S009,T2,Beta,Horizontal,0.6557001759281391
S009,T0,Raw,Vertical,0.7145289661357664
S009,T1,Raw,Vertical,0.7477492237270049
S009,T2,Raw,Vertical,0.7333921098676817
S009,T0,Alpha,Vertical,0.6588845180184768
S009,T1,Alpha,Vertical,0.6495998828318081
S009,T2,Alpha,Vertical,0.6700457279224877
S009,T0,Beta,Vertical,0.6887521310590249
S009,T1,Beta,Vertical,0.6890826602516787
S009,T2,Beta,Vertical,0.6969062989324456
S010,T0,Raw,Horizontal,0.7297671426832706
S010,T1,Raw,Horizontal,0.7139536575797772
S010,T2,Raw,Horizontal,0.6986018669774964
S010,T0,Alpha,Horizontal,0.6510689279140744
S010,T1,Alpha,Horizontal,0.6516630566039101
S010,T2,Alpha,Horizontal,0.6301432512224108
S010,T0,Beta,Horizontal,0.665854946711098
S010,T1,Beta,Horizontal,0.6658362726853045
S010,T2,Beta,Horizontal,0.6697691569652667
S010,T0,Raw,Vertical,0.7234751258031937
S010,T1,Raw,Vertical,0.7281866196534715
S010,T2,Raw,Vertical,0.7109032567234722
S010,T0,Alpha,Vertical,0.6465326871073341
S010,T1,Alpha,Vertical,0.6421172528225685
S010,T2,Alpha,Vertical,0.6503626203503954
S010,T0,Beta,Vertical,0.6640093057778961
S010,T1,Beta,Vertical,0.6633085901045442
S010,T2,Beta,Vertical,0.666540500898057
S011,T0,Raw,Horizontal,0.7012673074044502
S011,T1,Raw,Horizontal,0.7134316456336746
S011,T2,Raw,Horizontal,0.7130040108899897
S011,T0,Alpha,Horizontal,0.6341709509911027
S011,T1,Alpha,Horizontal,0.6392151146603497
S011,T2,Alpha,Horizontal,0.6574949820865952
S011,T0,Beta,Horizontal,0.6580113258906143
S011,T1,Beta,Horizontal,0.660911850126218
S011,T2,Beta,Horizontal,0.6613374901399933
S011,T0,Raw,Vertical,0.4813770798752802
S011,T1,Raw,Vertical,0.48914314095828537
S011,T2,Raw,Vertical,0.4698704739050543
S011,T0,Alpha,Vertical,0.6388077502033748
S011,T1,Alpha,Vertical,0.6402325744505031
S011,T2,Alpha,Vertical,0.6081173177485231
S011,T0,Beta,Vertical,0.7001163019182427
S011,T1,Beta,Vertical,0.6940995886894372
S011,T2,Beta,Vertical,0.6961089127482628
S012,T0,Raw,Horizontal,0.7194299382432411
S012,T1,Raw,Horizontal,0.725020463330181
S012,T2,Raw,Horizontal,0.7281111937196866
S012,T0,Alpha,Horizontal,0.6703124034966825
S012,T1,Alpha,Horizontal,0.674853643281251
S012,T2,Alpha,Horizontal,0.6655764691663674
S012,T0,Beta,Horizontal,0.6998591092590997
S012,T1,Beta,Horizontal,0.7122192467718063
S012,T2,Beta,Horizontal,0.7060505750084649
S012,T0,Raw,Vertical,0.6328504596532954
S012,T1,Raw,Vertical,0.6513857087905845
S012,T2,Raw,Vertical,0.6495744733005819
S012,T0,Alpha,Vertical,0.6578076936167316
S012,T1,Alpha,Vertical,0.6547773644759985
S012,T2,Alpha,Vertical,0.6619158618034616
S012,T0,Beta,Vertical,0.7239296722529913
S012,T1,Beta,Vertical,0.7177108313616101
S012,T2,Beta,Vertical,0.7202614117680045
S013,T0,Raw,Horizontal,0.7179901533404174
S013,T1,Raw,Horizontal,0.7235011401540543
S013,T2,Raw,Horizontal,0.7234143221425215
S013,T0,Alpha,Horizontal,0.6318598642451039
S013,T1,Alpha,Horizontal,0.6381332151435384
S013,T2,Alpha,Horizontal,0.6268701151945152
S013,T0,Beta,Horizontal,0.6802584650975835
S013,T1,Beta,Horizontal,0.6785545983452129
S013,T2,Beta,Horizontal,0.6872032409913227
S013,T0,Raw,Vertical,0.655165922082596
S013,T1,Raw,Vertical,0.6720814601673957
S013,T2,Raw,Vertical,0.6648307529993269
S013,T0,Alpha,Vertical,0.633703583824467
S013,T1,Alpha,Vertical,0.6304945928629606
S013,T2,Alpha,Vertical,0.6071385171201178
S013,T0,Beta,Vertical,0.6845776982749437
S013,T1,Beta,Vertical,0.6783019741787674
S013,T2,Beta,Vertical,0.6669440555862324
S014,T0,Raw,Horizontal,0.7145011412094753
S014,T1,Raw,Horizontal,0.7153881600995909
S014,T2,Raw,Horizontal,0.7150962677304132
S014,T0,Alpha,Horizontal,0.6493654385525129
S014,T1,Alpha,Horizontal,0.6451272837674024
S014,T2,Alpha,Horizontal,0.658955930239492
S014,T0,Beta,Horizontal,0.6578715180356249
S014,T1,Beta,Horizontal,0.6526902172995503
S014,T2,Beta,Horizontal,0.6589336050429121
S014,T0,Raw,Vertical,0.6697278762107944
S014,T1,Raw,Vertical,0.6658487964581177
S014,T2,Raw,Vertical,0.6863291832954219
S014,T0,Alpha,Vertical,0.6255552708131111
S014,T1,Alpha,Vertical,0.5832462474957132
S014,T2,Alpha,Vertical,0.5978019030654288
S014,T0,Beta,Vertical,0.6530911535429843
S014,T1,Beta,Vertical,0.6446778218824115
S014,T2,Beta,Vertical,0.6454089779686787
S015,T0,Raw,Horizontal,0.7417210241961426
S015,T1,Raw,Horizontal,0.7655742182027991
S015,T2,Raw,Horizontal,0.7514320549827956
S015,T0,Alpha,Horizontal,0.6055208237554327
S015,T1,Alpha,Horizontal,0.6014565937550815
S015,T2,Alpha,Horizontal,0.5939694997507722
S015,T0,Beta,Horizontal,0.6172396014205209
S015,T1,Beta,Horizontal,0.6224945541390673
S015,T2,Beta,Horizontal,0.6237620910258157
S015,T0,Raw,Vertical,0.6066543739934795
S015,T1,Raw,Vertical,0.6496938797174763
S015,T2,Raw,Vertical,0.5527422615177086
S015,T0,Alpha,Vertical,0.5734581632573594
S015,T1,Alpha,Vertical,0.5759594123268176
S015,T2,Alpha,Vertical,0.5505149477066953
S015,T0,Beta,Vertical,0.6641380199027332
S015,T1,Beta,Vertical,0.6619996688507388
S015,T2,Beta,Vertical,0.6422913478385147
S016,T0,Raw,Horizontal,0.7622836798841924
S016,T1,Raw,Horizontal,0.7480864560884429
S016,T2,Raw,Horizontal,0.7443003151514258
S016,T0,Alpha,Horizontal,0.6490115441512823
S016,T1,Alpha,Horizontal,0.6556461483358947
S016,T2,Alpha,Horizontal,0.6573174221063005
S016,T0,Beta,Horizontal,0.7016725696352204
S016,T1,Beta,Horizontal,0.7102025711536242
S016,T2,Beta,Horizontal,0.707855265583845
S016,T0,Raw,Vertical,0.7179894592356835
S016,T1,Raw,Vertical,0.7181482307308867
S016,T2,Raw,Vertical,0.7221441960197725
S016,T0,Alpha,Vertical,0.6366998134332948
S016,T1,Alpha,Vertical,0.6470033162212795
S016,T2,Alpha,Vertical,0.6547103740949757
S016,T0,Beta,Vertical,0.7117344577905639
S016,T1,Beta,Vertical,0.7284909035712597
S016,T2,Beta,Vertical,0.7321920467078065
S017,T0,Raw,Horizontal,0.7494656125279364
S017,T1,Raw,Horizontal,0.753650378599475
S017,T2,Raw,Horizontal,0.7410348602146667
S017,T0,Alpha,Horizontal,0.6155654302566888
S017,T1,Alpha,Horizontal,0.6182265996864624
S017,T2,Alpha,Horizontal,0.621075011260598
S017,T0,Beta,Horizontal,0.6341410647001751
S017,T1,Beta,Horizontal,0.632803983043027
S017,T2,Beta,Horizontal,0.6293354709844233
S017,T0,Raw,Vertical,0.39663999900381713
S017,T1,Raw,Vertical,0.5218923599218641
S017,T2,Raw,Vertical,0.46897576806159547
S017,T0,Alpha,Vertical,0.5812795909218602
S017,T1,Alpha,Vertical,0.5729245856748943
S017,T2,Alpha,Vertical,0.5877573893055268
S017,T0,Beta,Vertical,0.6438431811008488
S017,T1,Beta,Vertical,0.6533187663643238
S017,T2,Beta,Vertical,0.6546927239504277
S018,T0,Raw,Horizontal,0.7142801212998291
S018,T1,Raw,Horizontal,0.7151722549599165
S018,T2,Raw,Horizontal,0.7171716454528979
S018,T0,Alpha,Horizontal,0.6374708501074587
S018,T1,Alpha,Horizontal,0.618976315873549
S018,T2,Alpha,Horizontal,0.6127594358619031
S018,T0,Beta,Horizontal,0.6806258221081546
S018,T1,Beta,Horizontal,0.6810266938966134
S018,T2,Beta,Horizontal,0.6794293636233717
S018,T0,Raw,Vertical,0.6416104157527903
S018,T1,Raw,Vertical,0.6697127226927112
S018,T2,Raw,Vertical,0.6522357151174152
S018,T0,Alpha,Vertical,0.6285818906338894
S018,T1,Alpha,Vertical,0.6439387437634001
S018,T2,Alpha,Vertical,0.6268384223147114
S018,T0,Beta,Vertical,0.7105824738504868
S018,T1,Beta,Vertical,0.7085840555754761
S018,T2,Beta,Vertical,0.695741179430553
S019,T0,Raw,Horizontal,0.7455534152142737
S019,T1,Raw,Horizontal,0.7531532921926823
S019,T2,Raw,Horizontal,0.7571992224194934
S019,T0,Alpha,Horizontal,0.6599887652960791
S019,T1,Alpha,Horizontal,0.6824091684351362
S019,T2,Alpha,Horizontal,0.6781375096294423
S019,T0,Beta,Horizontal,0.6864270917453238
S019,T1,Beta,Horizontal,0.6863232001824928
S019,T2,Beta,Horizontal,0.6902423614082435
S019,T0,Raw,Vertical,0.644161697340622
S019,T1,Raw,Vertical,0.7043621582548408
S019,T2,Raw,Vertical,0.7606770673443812
S019,T0,Alpha,Vertical,0.6647130390551564
S019,T1,Alpha,Vertical,0.6696454445906248
S019,T2,Alpha,Vertical,0.6783572596031391
S019,T0,Beta,Vertical,0.7203512390946766
S019,T1,Beta,Vertical,0.7183200176155325
S019,T2,Beta,Vertical,0.7195991029550037
S020,T0,Raw,Horizontal,0.644748094482096
S020,T1,Raw,Horizontal,0.6400767702984194
S020,T2,Raw,Horizontal,0.6516470093968291
S020,T0,Alpha,Horizontal,0.596360583373971
S020,T1,Alpha,Horizontal,0.5959177013738151
S020,T2,Alpha,Horizontal,0.5958071129829662
S020,T0,Beta,Horizontal,0.6095408916079499
S020,T1,Beta,Horizontal,0.6070589739438512
S020,T2,Beta,Horizontal,0.6068118874371757
S020,T0,Raw,Vertical,0.5004167336674175
S020,T1,Raw,Vertical,0.521248456906159
S020,T2,Raw,Vertical,0.4918358432235271
S020,T0,Alpha,Vertical,0.5899648695395365
S020,T1,Alpha,Vertical,0.6091649308343947
S020,T2,Alpha,Vertical,0.5837659974892073
S020,T0,Beta,Vertical,0.6525818410181962
S020,T1,Beta,Vertical,0.6519908865508077
S020,T2,Beta,Vertical,0.6422482601295907
S021,T0,Raw,Horizontal,0.7442552692309808
S021,T1,Raw,Horizontal,0.7350403657572472
S021,T2,Raw,Horizontal,0.7359866304628065
S021,T0,Alpha,Horizontal,0.6810095488354944
S021,T1,Alpha,Horizontal,0.7073696757621101
S021,T2,Alpha,Horizontal,0.6965886044829769
S021,T0,Beta,Horizontal,0.6657506438114584
S021,T1,Beta,Horizontal,0.6862715663201341
S021,T2,Beta,Horizontal,0.6832801163372293
S021,T0,Raw,Vertical,0.607436221441418
S021,T1,Raw,Vertical,0.634497254855678
S021,T2,Raw,Vertical,0.6211956711004967
S021,T0,Alpha,Vertical,0.6753546376918058
S021,T1,Alpha,Vertical,0.6950820744500713
S021,T2,Alpha,Vertical,0.6750682915781978
S021,T0,Beta,Vertical,0.7002673263820364
S021,T1,Beta,Vertical,0.7256057975732271
S021,T2,Beta,Vertical,0.7171684801469813
S022,T0,Raw,Horizontal,0.6967994669474702
S022,T1,Raw,Horizontal,0.6957568465522073
S022,T2,Raw,Horizontal,0.6916100082655624
S022,T0,Alpha,Horizontal,0.6207037972764601
S022,T1,Alpha,Horizontal,0.6254156510599354
S022,T2,Alpha,Horizontal,0.6071520574689486
S022,T0,Beta,Horizontal,0.6509202569066614
S022,T1,Beta,Horizontal,0.660152290403562
S022,T2,Beta,Horizontal,0.6361579364867255
S022,T0,Raw,Vertical,0.5657693453548892
S022,T1,Raw,Vertical,0.5764359006127752
S022,T2,Raw,Vertical,0.5117092166164876
S022,T0,Alpha,Vertical,0.590857402218175
S022,T1,Alpha,Vertical,0.6029403144676384
S022,T2,Alpha,Vertical,0.5858859719041725
S022,T0,Beta,Vertical,0.683589393817458
S022,T1,Beta,Vertical,0.6775259802354083
S022,T2,Beta,Vertical,0.6763951857199321
S023,T0,Raw,Horizontal,0.7370322043995919
S023,T1,Raw,Horizontal,0.7382445854449566
S023,T2,Raw,Horizontal,0.7368554791093662
S023,T0,Alpha,Horizontal,0.6938542876985566
S023,T1,Alpha,Horizontal,0.7096315662201882
S023,T2,Alpha,Horizontal,0.7084274617220826
S023,T0,Beta,Horizontal,0.7275248798108243
S023,T1,Beta,Horizontal,0.7351898187298667
S023,T2,Beta,Horizontal,0.7262463295189588
S023,T0,Raw,Vertical,0.6838550451080381
S023,T1,Raw,Vertical,0.669561944646688
S023,T2,Raw,Vertical,0.6894528607187874
S023,T0,Alpha,Vertical,0.6354758296059844
S023,T1,Alpha,Vertical,0.669294976799586
S023,T2,Alpha,Vertical,0.6889314274559601
S023,T0,Beta,Vertical,0.7073679622024145
S023,T1,Beta,Vertical,0.7032050675786184
S023,T2,Beta,Vertical,0.7072305541736288
S024,T0,Raw,Horizontal,0.7427232916136399
S024,T1,Raw,Horizontal,0.7592079932569487
S024,T2,Raw,Horizontal,0.7559047764043565
S024,T0,Alpha,Horizontal,0.6907978767785412
S024,T1,Alpha,Horizontal,0.6851709066092859
S024,T2,Alpha,Horizontal,0.692583414087843
S024,T0,Beta,Horizontal,0.6838576672432766
S024,T1,Beta,Horizontal,0.6810003721508009
S024,T2,Beta,Horizontal,0.6775847783105277
S024,T0,Raw,Vertical,0.7525975985222301
S024,T1,Raw,Vertical,0.7930707841269659
S024,T2,Raw,Vertical,0.782407943226295
S024,T0,Alpha,Vertical,0.6372037490773179
S024,T1,Alpha,Vertical,0.6139915667766567
S024,T2,Alpha,Vertical,0.6341016017862451
S024,T0,Beta,Vertical,0.6943131380696139
S024,T1,Beta,Vertical,0.6761724977612836
S024,T2,Beta,Vertical,0.6969772420415459
S025,T0,Raw,Horizontal,0.7648873269810211
S025,T1,Raw,Horizontal,0.7534409305485915
S025,T2,Raw,Horizontal,0.7648415152894791
S025,T0,Alpha,Horizontal,0.6106354684254929
S025,T1,Alpha,Horizontal,0.615827174762832
S025,T2,Alpha,Horizontal,0.6066649700203413
S025,T0,Beta,Horizontal,0.6774968048675446
S025,T1,Beta,Horizontal,0.6808325797141387
S025,T2,Beta,Horizontal,0.6762655430846946
S025,T0,Raw,Vertical,0.6157920687068182
S025,T1,Raw,Vertical,0.6273985685968614
S025,T2,Raw,Vertical,0.5840053052127021
S025,T0,Alpha,Vertical,0.5974702621530718
S025,T1,Alpha,Vertical,0.5912534245714319
S025,T2,Alpha,Vertical,0.588764656139121
S025,T0,Beta,Vertical,0.6497647475488894
S025,T1,Beta,Vertical,0.6758391428019139
S025,T2,Beta,Vertical,0.6508091538247818
S026,T0,Raw,Horizontal,0.7670514632177815
S026,T1,Raw,Horizontal,0.7021814209576797
S026,T2,Raw,Horizontal,0.750892317083361
S026,T0,Alpha,Horizontal,0.6350583998704804
S026,T1,Alpha,Horizontal,0.6677086204571714
S026,T2,Alpha,Horizontal,0.6727708612695171
S026,T0,Beta,Horizontal,0.695664170361523
S026,T1,Beta,Horizontal,0.7084596830961912
S026,T2,Beta,Horizontal,0.7176995357760748
S026,T0,Raw,Vertical,0.672274388201572
S026,T1,Raw,Vertical,0.6320316001375329
S026,T2,Raw,Vertical,0.6116004897721649
S026,T0,Alpha,Vertical,0.5638071843803398
S026,T1,Alpha,Vertical,0.5983292184010391
S026,T2,Alpha,Vertical,0.6387476426805999
S026,T0,Beta,Vertical,0.6960507775859786
S026,T1,Beta,Vertical,0.7029636555761248
S026,T2,Beta,Vertical,0.7365691530150738
S027,T0,Raw,Horizontal,0.7404838165338588
S027,T1,Raw,Horizontal,0.7260398216945068
S027,T2,Raw,Horizontal,0.7336174628063449
S027,T0,Alpha,Horizontal,0.6031471380356419
S027,T1,Alpha,Horizontal,0.5947911098300741
S027,T2,Alpha,Horizontal,0.6116767132775558
S027,T0,Beta,Horizontal,0.6727482353960542
S027,T1,Beta,Horizontal,0.671283652085576
S027,T2,Beta,Horizontal,0.6775864482707484
S027,T0,Raw,Vertical,0.6336297555322209
S027,T1,Raw,Vertical,0.6890009066310007
S027,T2,Raw,Vertical,0.5998265394538818
S027,T0,Alpha,Vertical,0.6140214053944335
S027,T1,Alpha,Vertical,0.6136813423209564
S027,T2,Alpha,Vertical,0.5841256163513714
S027,T0,Beta,Vertical,0.6857657108615371
S027,T1,Beta,Vertical,0.6960062002471122
S027,T2,Beta,Vertical,0.6984814430114274
S028,T0,Raw,Horizontal,0.7397036307743544
S028,T1,Raw,Horizontal,0.7334249316593742
S028,T2,Raw,Horizontal,0.7322922946223396
S028,T0,Alpha,Horizontal,0.6314694134513843
S028,T1,Alpha,Horizontal,0.6265737699008832
S028,T2,Alpha,Horizontal,0.6232298270247232
S028,T0,Beta,Horizontal,0.673718724525955
S028,T1,Beta,Horizontal,0.6681387068126192
S028,T2,Beta,Horizontal,0.6775041945869629
S028,T0,Raw,Vertical,0.59004620487179
S028,T1,Raw,Vertical,0.6324057358238417
S028,T2,Raw,Vertical,0.645376597530248
S028,T0,Alpha,Vertical,0.5963735007137461
S028,T1,Alpha,Vertical,0.5465227013939032
S028,T2,Alpha,Vertical,0.5991220480184603
S028,T0,Beta,Vertical,0.6683753684130762
S028,T1,Beta,Vertical,0.6693304405311425
S028,T2,Beta,Vertical,0.673721678129539
S029,T0,Raw,Horizontal,0.7344981996259637
S029,T1,Raw,Horizontal,0.7276310757219081
S029,T2,Raw,Horizontal,0.7369065881058047
S029,T0,Alpha,Horizontal,0.5832302965509064
S029,T1,Alpha,Horizontal,0.5584760560718538
S029,T2,Alpha,Horizontal,0.6001294005654177
S029,T0,Beta,Horizontal,0.6349754415376991
S029,T1,Beta,Horizontal,0.6171716845926999
S029,T2,Beta,Horizontal,0.6417374004111718
S029,T0,Raw,Vertical,0.6599229759400544
S029,T1,Raw,Vertical,0.6570200643736538
S029,T2,Raw,Vertical,0.6104888673010272
S029,T0,Alpha,Vertical,0.6096158962529462
S029,T1,Alpha,Vertical,0.6393241474523632
S029,T2,Alpha,Vertical,0.6386142566318908
S029,T0,Beta,Vertical,0.6770282309481649
S029,T1,Beta,Vertical,0.6749601482280994
S029,T2,Beta,Vertical,0.6892326396311741
S030,T0,Raw,Horizontal,0.6527488635902714
S030,T1,Raw,Horizontal,0.6322244347117382
S030,T2,Raw,Horizontal,0.6548629879970093
S030,T0,Alpha,Horizontal,0.5959145657912005
S030,T1,Alpha,Horizontal,0.5725434053300279
S030,T2,Alpha,Horizontal,0.6001946743419627
S030,T0,Beta,Horizontal,0.6153200151368596
S030,T1,Beta,Horizontal,0.6058697084574605
S030,T2,Beta,Horizontal,0.6181394426733151
S030,T0,Raw,Vertical,0.5960691004565976
S030,T1,Raw,Vertical,0.609489419443527
S030,T2,Raw,Vertical,0.6013958849568164
S030,T0,Alpha,Vertical,0.5355396272013062
S030,T1,Alpha,Vertical,0.5307324555631442
S030,T2,Alpha,Vertical,0.5158818052260341
S030,T0,Beta,Vertical,0.6626050799774004
S030,T1,Beta,Vertical,0.6535619170413751
S030,T2,Beta,Vertical,0.6456830475198606
S031,T0,Raw,Horizontal,0.7412314040243868
S031,T1,Raw,Horizontal,0.7297140953973467
S031,T2,Raw,Horizontal,0.7388325276811349
S031,T0,Alpha,Horizontal,0.6544728670101323
S031,T1,Alpha,Horizontal,0.6752681380884682
S031,T2,Alpha,Horizontal,0.6622584150875483
S031,T0,Beta,Horizontal,0.6564343313813584
S031,T1,Beta,Horizontal,0.6577199681828902
S031,T2,Beta,Horizontal,0.660106744695208
S031,T0,Raw,Vertical,0.6311962000672687
S031,T1,Raw,Vertical,0.631652184166181
S031,T2,Raw,Vertical,0.6688079213630542
S031,T0,Alpha,Vertical,0.6195073713442545
S031,T1,Alpha,Vertical,0.6358105319164152
S031,T2,Alpha,Vertical,0.663078921699052
S031,T0,Beta,Vertical,0.6851633030536797
S031,T1,Beta,Vertical,0.6886358543101437
S031,T2,Beta,Vertical,0.6982781768574998
S032,T0,Raw,Horizontal,0.7046839589022608
S032,T1,Raw,Horizontal,0.714236375303018
S032,T2,Raw,Horizontal,0.7052722391898073
S032,T0,Alpha,Horizontal,0.6783419042625344
S032,T1,Alpha,Horizontal,0.6783058545726197
S032,T2,Alpha,Horizontal,0.672625177543329
S032,T0,Beta,Horizontal,0.6767405185868335
S032,T1,Beta,Horizontal,0.6716051628578609
S032,T2,Beta,Horizontal,0.6787156450678016
S032,T0,Raw,Vertical,0.5869231229171552
S032,T1,Raw,Vertical,0.5942546060359741
S032,T2,Raw,Vertical,0.5819500499756165
S032,T0,Alpha,Vertical,0.6632221000064776
S032,T1,Alpha,Vertical,0.6451202624817836
S032,T2,Alpha,Vertical,0.6557786855810991
S032,T0,Beta,Vertical,0.7010927288795201
S032,T1,Beta,Vertical,0.6880725130225757
S032,T2,Beta,Vertical,0.6799847347168004
S033,T0,Raw,Horizontal,0.7321548773203679
S033,T1,Raw,Horizontal,0.7375476165872437
S033,T2,Raw,Horizontal,0.7245321064212467
S033,T0,Alpha,Horizontal,0.6749304591860003
S033,T1,Alpha,Horizontal,0.6754203507672363
S033,T2,Alpha,Horizontal,0.6774793608034303
S033,T0,Beta,Horizontal,0.682436328393111
S033,T1,Beta,Horizontal,0.6775633996581042
S033,T2,Beta,Horizontal,0.6825997274993957
S033,T0,Raw,Vertical,0.6820614142893041
S033,T1,Raw,Vertical,0.7006180084750901
S033,T2,Raw,Vertical,0.7103786037401078
S033,T0,Alpha,Vertical,0.6270679402763234
S033,T1,Alpha,Vertical,0.6502903163421594
S033,T2,Alpha,Vertical,0.6524293403100115
S033,T0,Beta,Vertical,0.6976180567685893
S033,T1,Beta,Vertical,0.6974746277980358
S033,T2,Beta,Vertical,0.6856341602345669
S034,T0,Raw,Horizontal,0.6639965207742361
S034,T1,Raw,Horizontal,0.6590966643752058
S034,T2,Raw,Horizontal,0.6655572309728244
S034,T0,Alpha,Horizontal,0.6272386200138835
S034,T1,Alpha,Horizontal,0.6294012455417278
S034,T2,Alpha,Horizontal,0.6401301735321219
S034,T0,Beta,Horizontal,0.6369733117475206
S034,T1,Beta,Horizontal,0.6412653317921205
S034,T2,Beta,Horizontal,0.6417683883244673
S034,T0,Raw,Vertical,0.6197337569651369
S034,T1,Raw,Vertical,0.6281956425734223
S034,T2,Raw,Vertical,0.6202840331561885
S034,T0,Alpha,Vertical,0.5720951815075375
S034,T1,Alpha,Vertical,0.5886464463193094
S034,T2,Alpha,Vertical,0.5944645713668328
S034,T0,Beta,Vertical,0.6502765599894468
S034,T1,Beta,Vertical,0.6528142743704476
S034,T2,Beta,Vertical,0.6416941318762902
S035,T0,Raw,Horizontal,0.6916706665112918
S035,T1,Raw,Horizontal,0.695017773950373
S035,T2,Raw,Horizontal,0.7078665845370337
S035,T0,Alpha,Horizontal,0.5836438001516856
S035,T1,Alpha,Horizontal,0.5518550004490099
S035,T2,Alpha,Horizontal,0.5698794398542633
S035,T0,Beta,Horizontal,0.6218437491234879
S035,T1,Beta,Horizontal,0.6049025321791949
S035,T2,Beta,Horizontal,0.6144461931871001
S035,T0,Raw,Vertical,0.5386389203655839
S035,T1,Raw,Vertical,0.5380391046407395
S035,T2,Raw,Vertical,0.5276924358657548
S035,T0,Alpha,Vertical,0.6003133839242578
S035,T1,Alpha,Vertical,0.5645816820072215
S035,T2,Alpha,Vertical,0.5578416470563505
S035,T0,Beta,Vertical,0.665106375028899
S035,T1,Beta,Vertical,0.6564154829722331
S035,T2,Beta,Vertical,0.6469396730839775
S036,T0,Raw,Horizontal,0.7515784506376163
S036,T1,Raw,Horizontal,0.745639991461562
S036,T2,Raw,Horizontal,0.7604690812519829
S036,T0,Alpha,Horizontal,0.6770664940351697
S036,T1,Alpha,Horizontal,0.6612299325936094
S036,T2,Alpha,Horizontal,0.6837092411389666
S036,T0,Beta,Horizontal,0.6728267367800108
S036,T1,Beta,Horizontal,0.6865414717662356
S036,T2,Beta,Horizontal,0.6912826708737368
S036,T0,Raw,Vertical,0.6871334677810875
S036,T1,Raw,Vertical,0.7791444530888502
S036,T2,Raw,Vertical,0.7582428450573951
S036,T0,Alpha,Vertical,0.6739673358577379
S036,T1,Alpha,Vertical,0.7054701417009477
S036,T2,Alpha,Vertical,0.7055931156461165
S036,T0,Beta,Vertical,0.7256389462336509
S036,T1,Beta,Vertical,0.7373808127430956
S036,T2,Beta,Vertical,0.7422975397865548
S037,T0,Raw,Horizontal,0.7200633707275604
S037,T1,Raw,Horizontal,0.717497734229888
S037,T2,Raw,Horizontal,0.7158070000312959
S037,T0,Alpha,Horizontal,0.6435033747109197
S037,T1,Alpha,Horizontal,0.6270625860627835
S037,T2,Alpha,Horizontal,0.6185633593082075
S037,T0,Beta,Horizontal,0.6787458185764463
S037,T1,Beta,Horizontal,0.6748060760735084
S037,T2,Beta,Horizontal,0.6693330011718842
S037,T0,Raw,Vertical,0.7183718606501835
S037,T1,Raw,Vertical,0.7026485681499623
S037,T2,Raw,Vertical,0.7137227816031916
S037,T0,Alpha,Vertical,0.6165211095208334
S037,T1,Alpha,Vertical,0.6076061029522577
S037,T2,Alpha,Vertical,0.5716211600858163
S037,T0,Beta,Vertical,0.7074259213502163
S037,T1,Beta,Vertical,0.6961220509703334
S037,T2,Beta,Vertical,0.6983930852325643
S038,T0,Raw,Horizontal,0.7582649714583355
S038,T1,Raw,Horizontal,0.7446003477222655
S038,T2,Raw,Horizontal,0.7466065528421763
S038,T0,Alpha,Horizontal,0.6941139419431577
S038,T1,Alpha,Horizontal,0.6938442585439272
S038,T2,Alpha,Horizontal,0.701911084350107
S038,T0,Beta,Horizontal,0.6923489371989715
S038,T1,Beta,Horizontal,0.7059330795027785
S038,T2,Beta,Horizontal,0.7041117226767649
S038,T0,Raw,Vertical,0.6912636456714344
S038,T1,Raw,Vertical,0.6855474722936928
S038,T2,Raw,Vertical,0.6626201764095488
S038,T0,Alpha,Vertical,0.6798717826225894
S038,T1,Alpha,Vertical,0.6728341987379699
S038,T2,Alpha,Vertical,0.6903992800954653
S038,T0,Beta,Vertical,0.7212436111252912
S038,T1,Beta,Vertical,0.7160352425456972
S038,T2,Beta,Vertical,0.7135396823961841
S039,T0,Raw,Horizontal,0.7502239792911748
S039,T1,Raw,Horizontal,0.7558589342034313
S039,T2,Raw,Horizontal,0.7563129487228851
S039,T0,Alpha,Horizontal,0.7152936863565768
S039,T1,Alpha,Horizontal,0.7180318501821654
S039,T2,Alpha,Horizontal,0.7102586319910357
S039,T0,Beta,Horizontal,0.7053025807860731
S039,T1,Beta,Horizontal,0.7220738256387687
S039,T2,Beta,Horizontal,0.7189241894923432
S039,T0,Raw,Vertical,0.7747740650729197
S039,T1,Raw,Vertical,0.7906855984044181
S039,T2,Raw,Vertical,0.790144774208241
S039,T0,Alpha,Vertical,0.7111652155410644
S039,T1,Alpha,Vertical,0.7243592525644734
S039,T2,Alpha,Vertical,0.7328173598594037
S039,T0,Beta,Vertical,0.7265813554065322
S039,T1,Beta,Vertical,0.7236021024243453
S039,T2,Beta,Vertical,0.7253805380103441
S040,T0,Raw,Horizontal,0.7479256283690677
S040,T1,Raw,Horizontal,0.7419403106564455
S040,T2,Raw,Horizontal,0.7590270114636961
S040,T0,Alpha,Horizontal,0.561483007293752
S040,T1,Alpha,Horizontal,0.5769586031751462
S040,T2,Alpha,Horizontal,0.5812705301098348
S040,T0,Beta,Horizontal,0.6280015711150553
S040,T1,Beta,Horizontal,0.6355942164145937
S040,T2,Beta,Horizontal,0.629294774085432
S040,T0,Raw,Vertical,0.6191848338809784
S040,T1,Raw,Vertical,0.6457441832951784
S040,T2,Raw,Vertical,0.6390122477610164
S040,T0,Alpha,Vertical,0.5915244343087016
S040,T1,Alpha,Vertical,0.5576625752281835
S040,T2,Alpha,Vertical,0.5823955621963159
S040,T0,Beta,Vertical,0.6684763045423259
S040,T1,Beta,Vertical,0.6826328137725035
S040,T2,Beta,Vertical,0.6697994336151507
S041,T0,Raw,Horizontal,0.7373635314494688
S041,T1,Raw,Horizontal,0.746797297568471
S041,T2,Raw,Horizontal,0.7495084207510486
S041,T0,Alpha,Horizontal,0.6670274522644286
S041,T1,Alpha,Horizontal,0.6644872276726222
S041,T2,Alpha,Horizontal,0.6607969494978461
S041,T0,Beta,Horizontal,0.6913570757198894
S041,T1,Beta,Horizontal,0.6865534329154046
S041,T2,Beta,Horizontal,0.6783901081927662
S041,T0,Raw,Vertical,0.643779661944643
S041,T1,Raw,Vertical,0.7159411757310331
S041,T2,Raw,Vertical,0.7027473331674542
S041,T0,Alpha,Vertical,0.5893428776414235
S041,T1,Alpha,Vertical,0.6178995580042862
S041,T2,Alpha,Vertical,0.5815646322268606
S041,T0,Beta,Vertical,0.6142553766833787
S041,T1,Beta,Vertical,0.6574992447124134
S041,T2,Beta,Vertical,0.6078394115860339
S042,T0,Raw,Horizontal,0.7449545727381537
S042,T1,Raw,Horizontal,0.7494389678000397
S042,T2,Raw,Horizontal,0.7356652012141733
S042,T0,Alpha,Horizontal,0.6631746186924968
S042,T1,Alpha,Horizontal,0.6699131444143228
S042,T2,Alpha,Horizontal,0.6750622331640608
S042,T0,Beta,Horizontal,0.697386618264315
S042,T1,Beta,Horizontal,0.6975375875019494
S042,T2,Beta,Horizontal,0.6986215540213083
S042,T0,Raw,Vertical,0.7095958902741539
S042,T1,Raw,Vertical,0.6813915577840332
S042,T2,Raw,Vertical,0.7121637191754745
S042,T0,Alpha,Vertical,0.674434617820832
S042,T1,Alpha,Vertical,0.6654191630974599
S042,T2,Alpha,Vertical,0.6604149430414471
S042,T0,Beta,Vertical,0.7332349370060061
S042,T1,Beta,Vertical,0.7267514838812992
S042,T2,Beta,Vertical,0.7362870627482244
S043,T0,Raw,Horizontal,0.7090435979098205
S043,T1,Raw,Horizontal,0.702734930850164
S043,T2,Raw,Horizontal,0.6991047756694532
S043,T0,Alpha,Horizontal,0.617624080559299
S043,T1,Alpha,Horizontal,0.6349135372029953
S043,T2,Alpha,Horizontal,0.6300056572056416
S043,T0,Beta,Horizontal,0.688606295736526
S043,T1,Beta,Horizontal,0.6867970952982089
S043,T2,Beta,Horizontal,0.6896183133813597
S043,T0,Raw,Vertical,0.5758263818314424
S043,T1,Raw,Vertical,0.5616021703035056
S043,T2,Raw,Vertical,0.5586938771555269
S043,T0,Alpha,Vertical,0.5881921417149739
S043,T1,Alpha,Vertical,0.5961047753159768
S043,T2,Alpha,Vertical,0.6021427036934066
S043,T0,Beta,Vertical,0.7106138140681687
S043,T1,Beta,Vertical,0.7059768765745166
S043,T2,Beta,Vertical,0.7046711597305919
S044,T0,Raw,Horizontal,0.6955174585005657
S044,T1,Raw,Horizontal,0.6966051744907503
S044,T2,Raw,Horizontal,0.7060744446585467
S044,T0,Alpha,Horizontal,0.6161132550307872
S044,T1,Alpha,Horizontal,0.6077843722017686
S044,T2,Alpha,Horizontal,0.6244561451278422
S044,T0,Beta,Horizontal,0.6771786851499065
S044,T1,Beta,Horizontal,0.6734212208692452
S044,T2,Beta,Horizontal,0.6843602689037366
S044,T0,Raw,Vertical,0.6259821997053743
S044,T1,Raw,Vertical,0.6930195312346618
S044,T2,Raw,Vertical,0.6911048491064496
S044,T0,Alpha,Vertical,0.6318014013816048
S044,T1,Alpha,Vertical,0.6376064962848967
S044,T2,Alpha,Vertical,0.6270413442485793
S044,T0,Beta,Vertical,0.7307839394650067
S044,T1,Beta,Vertical,0.7368074703469499
S044,T2,Beta,Vertical,0.7341783639549576
S045,T0,Raw,Horizontal,0.7279537970068951
S045,T1,Raw,Horizontal,0.7419611178233682
S045,T2,Raw,Horizontal,0.7345387127231113
S045,T0,Alpha,Horizontal,0.6678423532172927
S045,T1,Alpha,Horizontal,0.6734825193465039
S045,T2,Alpha,Horizontal,0.6552769248546381
S045,T0,Beta,Horizontal,0.6816156940680876
S045,T1,Beta,Horizontal,0.6769786056298396
S045,T2,Beta,Horizontal,0.6725909016587995
S045,T0,Raw,Vertical,0.5813667565495032
S045,T1,Raw,Vertical,0.6345662947054616
S045,T2,Raw,Vertical,0.6133055452214246
S045,T0,Alpha,Vertical,0.6235635049765077
S045,T1,Alpha,Vertical,0.6073373426126681
S045,T2,Alpha,Vertical,0.6104553282052446
S045,T0,Beta,Vertical,0.6878943764765574
S045,T1,Beta,Vertical,0.6829802670074475
S045,T2,Beta,Vertical,0.6854858738998248
S046,T0,Raw,Horizontal,0.7431660830716046
S046,T1,Raw,Horizontal,0.714698027281738
S046,T2,Raw,Horizontal,0.7627260850123718
S046,T0,Alpha,Horizontal,0.5896076211807095
S046,T1,Alpha,Horizontal,0.5670727144586623
S046,T2,Alpha,Horizontal,0.5937429501811563
S046,T0,Beta,Horizontal,0.6327199325627808
S046,T1,Beta,Horizontal,0.6143880792272295
S046,T2,Beta,Horizontal,0.6236451480568745
S046,T0,Raw,Vertical,0.581915449909902
S046,T1,Raw,Vertical,0.596420530065809
S046,T2,Raw,Vertical,0.6142144051773291
S046,T0,Alpha,Vertical,0.5984333420679353
S046,T1,Alpha,Vertical,0.5867861468037348
S046,T2,Alpha,Vertical,0.626628968900582
S046,T0,Beta,Vertical,0.6565971699294861
S046,T1,Beta,Vertical,0.6534875533056139
S046,T2,Beta,Vertical,0.6564932018996709
S047,T0,Raw,Horizontal,0.7214829330717597
S047,T1,Raw,Horizontal,0.7449282211990409
S047,T2,Raw,Horizontal,0.7481030738193281
S047,T0,Alpha,Horizontal,0.609217101458086
S047,T1,Alpha,Horizontal,0.6028402953315942
S047,T2,Alpha,Horizontal,0.5932816553995218
S047,T0,Beta,Horizontal,0.6543023870542884
S047,T1,Beta,Horizontal,0.6620653969363676
S047,T2,Beta,Horizontal,0.6648376398856904
S047,T0,Raw,Vertical,0.5038490483976035
S047,T1,Raw,Vertical,0.4634237729592121
S047,T2,Raw,Vertical,0.44772386321174834
S047,T0,Alpha,Vertical,0.5437395726945797
S047,T1,Alpha,Vertical,0.5289022015058349
S047,T2,Alpha,Vertical,0.5299769446725838
S047,T0,Beta,Vertical,0.642508343900392
S047,T1,Beta,Vertical,0.6489980327532641
S047,T2,Beta,Vertical,0.6396975395051907
S048,T0,Raw,Horizontal,0.7143648825343897
S048,T1,Raw,Horizontal,0.7308644162001848
S048,T2,Raw,Horizontal,0.7122250810541177
S048,T0,Alpha,Horizontal,0.6595443380651942
S048,T1,Alpha,Horizontal,0.669613776540835
S048,T2,Alpha,Horizontal,0.6720893502492974
S048,T0,Beta,Horizontal,0.6306737981888358
S048,T1,Beta,Horizontal,0.6463412506646674
S048,T2,Beta,Horizontal,0.6161409222124574
S048,T0,Raw,Vertical,0.63683728709184
S048,T1,Raw,Vertical,0.6470487720182613
S048,T2,Raw,Vertical,0.6300240981015794
S048,T0,Alpha,Vertical,0.6392060357012546
S048,T1,Alpha,Vertical,0.6102584316718304
S048,T2,Alpha,Vertical,0.5907238778653969
S048,T0,Beta,Vertical,0.694904021696542
S048,T1,Beta,Vertical,0.6461814002667106
S048,T2,Beta,Vertical,0.6514813134547526
S049,T0,Raw,Horizontal,0.7311867526749228
S049,T1,Raw,Horizontal,0.7304985597077881
S049,T2,Raw,Horizontal,0.7360413120739656
S049,T0,Alpha,Horizontal,0.6455442784474559
S049,T1,Alpha,Horizontal,0.6407132332461053
S049,T2,Alpha,Horizontal,0.6512764969669687
S049,T0,Beta,Horizontal,0.6713270651458537
S049,T1,Beta,Horizontal,0.6715124641355692
S049,T2,Beta,Horizontal,0.6682080236863126
S049,T0,Raw,Vertical,0.6501796129090966
S049,T1,Raw,Vertical,0.6163273327005793
S049,T2,Raw,Vertical,0.6190134220218202
S049,T0,Alpha,Vertical,0.5818710181704427
S049,T1,Alpha,Vertical,0.565608665212011
S049,T2,Alpha,Vertical,0.5602979755054469
S049,T0,Beta,Vertical,0.6726312917018329
S049,T1,Beta,Vertical,0.6713402284346528
S049,T2,Beta,Vertical,0.6668678045710281
S050,T0,Raw,Horizontal,0.7528450760379688
S050,T1,Raw,Horizontal,0.7417976065117042
S050,T2,Raw,Horizontal,0.7372135276506522
S050,T0,Alpha,Horizontal,0.6460401321181011
S050,T1,Alpha,Horizontal,0.6526082217481841
S050,T2,Alpha,Horizontal,0.6500827925790249
S050,T0,Beta,Horizontal,0.6567835091945142
S050,T1,Beta,Horizontal,0.6505407902008035
S050,T2,Beta,Horizontal,0.6484532118034161
S050,T0,Raw,Vertical,0.5130835029596514
S050,T1,Raw,Vertical,0.5442463254517809
S050,T2,Raw,Vertical,0.5781149383548693
S050,T0,Alpha,Vertical,0.6107218698737036
S050,T1,Alpha,Vertical,0.5981772699605602
S050,T2,Alpha,Vertical,0.6087336883126663
S050,T0,Beta,Vertical,0.6598015856746884
S050,T1,Beta,Vertical,0.6661757739648998
S050,T2,Beta,Vertical,0.6662092743581792
S051,T0,Raw,Horizontal,0.728360068893812
S051,T1,Raw,Horizontal,0.7266452569235268
S051,T2,Raw,Horizontal,0.7052462684231898
S051,T0,Alpha,Horizontal,0.6683897619697265
S051,T1,Alpha,Horizontal,0.6580840541063172
S051,T2,Alpha,Horizontal,0.6654038975570126
S051,T0,Beta,Horizontal,0.6856721994640621
S051,T1,Beta,Horizontal,0.6821237981526392
S051,T2,Beta,Horizontal,0.6831581928529518
S051,T0,Raw,Vertical,0.7351832342998823
S051,T1,Raw,Vertical,0.7304207162435229
S051,T2,Raw,Vertical,0.7413141905509408
S051,T0,Alpha,Vertical,0.6342299262916882
S051,T1,Alpha,Vertical,0.6223114613212835
S051,T2,Alpha,Vertical,0.6364286199424564
S051,T0,Beta,Vertical,0.7087319803455602
S051,T1,Beta,Vertical,0.7012982979404403
S051,T2,Beta,Vertical,0.7135720624560324
S052,T0,Raw,Horizontal,0.7286059047804376
S052,T1,Raw,Horizontal,0.7181739567596443
S052,T2,Raw,Horizontal,0.7272101746061335
S052,T0,Alpha,Horizontal,0.6673030771618397
S052,T1,Alpha,Horizontal,0.6687967631797201
S052,T2,Alpha,Horizontal,0.6676192999203747
S052,T0,Beta,Horizontal,0.6843857012162284
S052,T1,Beta,Horizontal,0.6863500575765406
S052,T2,Beta,Horizontal,0.6831377508755389
S052,T0,Raw,Vertical,0.5526184142196976
S052,T1,Raw,Vertical,0.5816226905881074
S052,T2,Raw,Vertical,0.5328614640791168
S052,T0,Alpha,Vertical,0.620669521067414
S052,T1,Alpha,Vertical,0.6589258266570964
S052,T2,Alpha,Vertical,0.6066972228521621
S052,T0,Beta,Vertical,0.7061970947917138
S052,T1,Beta,Vertical,0.7080106650963789
S052,T2,Beta,Vertical,0.7031561123256553
S053,T0,Raw,Horizontal,0.6883438275406599
S053,T1,Raw,Horizontal,0.6946942846439174
S053,T2,Raw,Horizontal,0.7166940424832899
S053,T0,Alpha,Horizontal,0.6232107663603506
S053,T1,Alpha,Horizontal,0.615490715360158
S053,T2,Alpha,Horizontal,0.6322647098079768
S053,T0,Beta,Horizontal,0.650985786500859
S053,T1,Beta,Horizontal,0.6391251025019387
S053,T2,Beta,Horizontal,0.6489500580763065
S053,T0,Raw,Vertical,0.5882530469877358
S053,T1,Raw,Vertical,0.5792937584587572
S053,T2,Raw,Vertical,0.5930032519807164
S053,T0,Alpha,Vertical,0.6488849934837716
S053,T1,Alpha,Vertical,0.6336563270767207
S053,T2,Alpha,Vertical,0.6437238439744678
S053,T0,Beta,Vertical,0.6984452889830555
S053,T1,Beta,Vertical,0.6879520095177459
S053,T2,Beta,Vertical,0.6893115730216328
S054,T0,Raw,Horizontal,0.7606145201210132
S054,T1,Raw,Horizontal,0.7682802609774243
S054,T2,Raw,Horizontal,0.7595241566868209
S054,T0,Alpha,Horizontal,0.6283132400841687
S054,T1,Alpha,Horizontal,0.6380185346320557
S054,T2,Alpha,Horizontal,0.6215717815133944
S054,T0,Beta,Horizontal,0.6607153155883158
S054,T1,Beta,Horizontal,0.6565099828651444
S054,T2,Beta,Horizontal,0.6572682563743498
S054,T0,Raw,Vertical,0.49823878170125097
S054,T1,Raw,Vertical,0.558767193165472
S054,T2,Raw,Vertical,0.49555273176219883
S054,T0,Alpha,Vertical,0.526208654074726
S054,T1,Alpha,Vertical,0.48042047380589087
S054,T2,Alpha,Vertical,0.5266106720861757
S054,T0,Beta,Vertical,0.6305914981893207
S054,T1,Beta,Vertical,0.586815099366348
S054,T2,Beta,Vertical,0.6205403844520062
S055,T0,Raw,Horizontal,0.6832320586150187
S055,T1,Raw,Horizontal,0.7001817389206376
S055,T2,Raw,Horizontal,0.7001635180507549
S055,T0,Alpha,Horizontal,0.5861298032776587
S055,T1,Alpha,Horizontal,0.5966808269509977
S055,T2,Alpha,Horizontal,0.6132082610508476
S055,T0,Beta,Horizontal,0.6465609097862051
S055,T1,Beta,Horizontal,0.6598798622953603
S055,T2,Beta,Horizontal,0.6658763164174122
S055,T0,Raw,Vertical,0.5754353321903872
S055,T1,Raw,Vertical,0.6054224413011441
S055,T2,Raw,Vertical,0.626758782564867
S055,T0,Alpha,Vertical,0.5507055416208512
S055,T1,Alpha,Vertical,0.5513320863832385
S055,T2,Alpha,Vertical,0.5646113862364486
S055,T0,Beta,Vertical,0.6855313416377212
S055,T1,Beta,Vertical,0.6769787414065692
S055,T2,Beta,Vertical,0.6936480981902995
S056,T0,Raw,Horizontal,0.7308706070776816
S056,T1,Raw,Horizontal,0.750081175086642
S056,T2,Raw,Horizontal,0.7319623249621104
S056,T0,Alpha,Horizontal,0.6531358034046708
S056,T1,Alpha,Horizontal,0.6574796196198379
S056,T2,Alpha,Horizontal,0.6749075013894107
S056,T0,Beta,Horizontal,0.6625658339910537
S056,T1,Beta,Horizontal,0.6691920098419887
S056,T2,Beta,Horizontal,0.6729928919047875
S056,T0,Raw,Vertical,0.7435088004130889
S056,T1,Raw,Vertical,0.7642664053323077
S056,T2,Raw,Vertical,0.7512238511404837
S056,T0,Alpha,Vertical,0.6599092157023695
S056,T1,Alpha,Vertical,0.6764187465156366
S056,T2,Alpha,Vertical,0.6733376033936825
S056,T0,Beta,Vertical,0.7210267897216669
S056,T1,Beta,Vertical,0.7262219575834716
S056,T2,Beta,Vertical,0.7119361171164679
S057,T0,Raw,Horizontal,0.7395198628074483
S057,T1,Raw,Horizontal,0.7378790274300635
S057,T2,Raw,Horizontal,0.736914884962729
S057,T0,Alpha,Horizontal,0.6848261112378198
S057,T1,Alpha,Horizontal,0.6556031223506407
S057,T2,Alpha,Horizontal,0.6762027524329285
S057,T0,Beta,Horizontal,0.6994812388004751
S057,T1,Beta,Horizontal,0.6819566974030511
S057,T2,Beta,Horizontal,0.6884794498616194
S057,T0,Raw,Vertical,0.7404017644705396
S057,T1,Raw,Vertical,0.7148036978743825
S057,T2,Raw,Vertical,0.7406199367439418
S057,T0,Alpha,Vertical,0.657494868241593
S057,T1,Alpha,Vertical,0.6438037324777144
S057,T2,Alpha,Vertical,0.6655881349577644
S057,T0,Beta,Vertical,0.7224805054413259
S057,T1,Beta,Vertical,0.7201478944799896
S057,T2,Beta,Vertical,0.726915208465131
S058,T0,Raw,Horizontal,0.735982498278151
S058,T1,Raw,Horizontal,0.7074791531164233
S058,T2,Raw,Horizontal,0.6733071323085028
S058,T0,Alpha,Horizontal,0.5869982397311876
S058,T1,Alpha,Horizontal,0.564052865045469
S058,T2,Alpha,Horizontal,0.5877680332794321
S058,T0,Beta,Horizontal,0.6200421861435886
S058,T1,Beta,Horizontal,0.6182669411298737
S058,T2,Beta,Horizontal,0.6234120783981383
S058,T0,Raw,Vertical,0.7200005122935722
S058,T1,Raw,Vertical,0.7040744816284353
S058,T2,Raw,Vertical,0.7838497164928332
S058,T0,Alpha,Vertical,0.6148013575497866
S058,T1,Alpha,Vertical,0.6300496993011115
S058,T2,Alpha,Vertical,0.6387673836721954
S058,T0,Beta,Vertical,0.6674848551530874
S058,T1,Beta,Vertical,0.6521326496618972
S058,T2,Beta,Vertical,0.6659727496081185
S059,T0,Raw,Horizontal,0.7385986430952918
S059,T1,Raw,Horizontal,0.7527308573658362
S059,T2,Raw,Horizontal,0.7580631693024487
S059,T0,Alpha,Horizontal,0.684151703513693
S059,T1,Alpha,Horizontal,0.6745809072970983
S059,T2,Alpha,Horizontal,0.6881996216825255
S059,T0,Beta,Horizontal,0.6970825692754633
S059,T1,Beta,Horizontal,0.7043586175008074
S059,T2,Beta,Horizontal,0.6996020246816264
S059,T0,Raw,Vertical,0.6718184257679802
S059,T1,Raw,Vertical,0.6798369942429887
S059,T2,Raw,Vertical,0.698535706763122
S059,T0,Alpha,Vertical,0.7001865685762279
S059,T1,Alpha,Vertical,0.7118242074330262
S059,T2,Alpha,Vertical,0.6838222751725223
S059,T0,Beta,Vertical,0.7379455620743056
S059,T1,Beta,Vertical,0.7334654954646628
S059,T2,Beta,Vertical,0.7445314320488111
S060,T0,Raw,Horizontal,0.7200286046876505
S060,T1,Raw,Horizontal,0.7170161210916969
S060,T2,Raw,Horizontal,0.7270463756338444
S060,T0,Alpha,Horizontal,0.5821607748239273
S060,T1,Alpha,Horizontal,0.5584545608126343
S060,T2,Alpha,Horizontal,0.5817201365091106
S060,T0,Beta,Horizontal,0.6254883392998921
S060,T1,Beta,Horizontal,0.6273112144737086
S060,T2,Beta,Horizontal,0.6335719361883354
S060,T0,Raw,Vertical,0.5478419172988708
S060,T1,Raw,Vertical,0.5868451143638309
S060,T2,Raw,Vertical,0.5631862763814481
S060,T0,Alpha,Vertical,0.5633968479040179
S060,T1,Alpha,Vertical,0.582621169647017
S060,T2,Alpha,Vertical,0.5635023177106768
S060,T0,Beta,Vertical,0.652519133653593
S060,T1,Beta,Vertical,0.6503202340863433
S060,T2,Beta,Vertical,0.6445518534928436
S061,T0,Raw,Horizontal,0.7181939505862472
S061,T1,Raw,Horizontal,0.7040338247793431
S061,T2,Raw,Horizontal,0.7291891043104275
S061,T0,Alpha,Horizontal,0.6358680724309536
S061,T1,Alpha,Horizontal,0.6362988615727999
S061,T2,Alpha,Horizontal,0.6370073105780647
S061,T0,Beta,Horizontal,0.6419597227857887
S061,T1,Beta,Horizontal,0.6461057506232123
S061,T2,Beta,Horizontal,0.6494860323505256
S061,T0,Raw,Vertical,0.5186832208845366
S061,T1,Raw,Vertical,0.554876117150984
S061,T2,Raw,Vertical,0.6317250139714579
S061,T0,Alpha,Vertical,0.5720889256642238
S061,T1,Alpha,Vertical,0.5762223296967598
S061,T2,Alpha,Vertical,0.5767467259325092
S061,T0,Beta,Vertical,0.6230278823827127
S061,T1,Beta,Vertical,0.630595179401377
S061,T2,Beta,Vertical,0.6450106446947831
S062,T0,Raw,Horizontal,0.7062113342032195
S062,T1,Raw,Horizontal,0.6970388752528914
S062,T2,Raw,Horizontal,0.7049702456757789
S062,T0,Alpha,Horizontal,0.6532209446792641
S062,T1,Alpha,Horizontal,0.6531715951892753
S062,T2,Alpha,Horizontal,0.6582863842870035
S062,T0,Beta,Horizontal,0.6580528680679676
S062,T1,Beta,Horizontal,0.6523169713364577
S062,T2,Beta,Horizontal,0.6541850012061076
S062,T0,Raw,Vertical,0.6231154979195795
S062,T1,Raw,Vertical,0.6309819341931626
S062,T2,Raw,Vertical,0.6344278203300112
S062,T0,Alpha,Vertical,0.6276117164703617
S062,T1,Alpha,Vertical,0.6410041322198882
S062,T2,Alpha,Vertical,0.6455582954083395
S062,T0,Beta,Vertical,0.6904348937850133
S062,T1,Beta,Vertical,0.7101001645240153
S062,T2,Beta,Vertical,0.7040034247057624
S063,T0,Raw,Horizontal,0.7263200789322699
S063,T1,Raw,Horizontal,0.7242640878928112
S063,T2,Raw,Horizontal,0.7353469963391169
S063,T0,Alpha,Horizontal,0.6252721450092923
S063,T1,Alpha,Horizontal,0.6308339212425386
S063,T2,Alpha,Horizontal,0.6534198201216266
S063,T0,Beta,Horizontal,0.6677759160903396
S063,T1,Beta,Horizontal,0.6678877696544877
S063,T2,Beta,Horizontal,0.6707710197893931
S063,T0,Raw,Vertical,0.5699474901945188
S063,T1,Raw,Vertical,0.5578662699545291
S063,T2,Raw,Vertical,0.5827947508322285
S063,T0,Alpha,Vertical,0.555290171969072
S063,T1,Alpha,Vertical,0.5368450696195833
S063,T2,Alpha,Vertical,0.5677118157920086
S063,T0,Beta,Vertical,0.6755078043244611
S063,T1,Beta,Vertical,0.6705642918627811
S063,T2,Beta,Vertical,0.680857211491837
S064,T0,Raw,Horizontal,0.7399424743487215
S064,T1,Raw,Horizontal,0.7443930064627183
S064,T2,Raw,Horizontal,0.7504192598470127
S064,T0,Alpha,Horizontal,0.6336395039155064
S064,T1,Alpha,Horizontal,0.6515991021317218
S064,T2,Alpha,Horizontal,0.6625869439809541
S064,T0,Beta,Horizontal,0.6862446384321078
S064,T1,Beta,Horizontal,0.6817006962471431
S064,T2,Beta,Horizontal,0.6941940260842147
S064,T0,Raw,Vertical,0.708794651017026
S064,T1,Raw,Vertical,0.7504834736042207
S064,T2,Raw,Vertical,0.7647721351774667
S064,T0,Alpha,Vertical,0.607904938615013
S064,T1,Alpha,Vertical,0.6116787929356261
S064,T2,Alpha,Vertical,0.6698107161550292
S064,T0,Beta,Vertical,0.7022877374809725
S064,T1,Beta,Vertical,0.7090370303013
S064,T2,Beta,Vertical,0.7257484752257406
S065,T0,Raw,Horizontal,0.6714886487668845
S065,T1,Raw,Horizontal,0.6660908208980619
S065,T2,Raw,Horizontal,0.6649494803034032
S065,T0,Alpha,Horizontal,0.5862465056882554
S065,T1,Alpha,Horizontal,0.5809838410520022
S065,T2,Alpha,Horizontal,0.5830932383376852
S065,T0,Beta,Horizontal,0.6197165090021628
S065,T1,Beta,Horizontal,0.620652010245937
S065,T2,Beta,Horizontal,0.6248448261508253
S065,T0,Raw,Vertical,0.5679474743584119
S065,T1,Raw,Vertical,0.6151803952051503
S065,T2,Raw,Vertical,0.6289746654300664
S065,T0,Alpha,Vertical,0.5104064149384187
S065,T1,Alpha,Vertical,0.5358096523048262
S065,T2,Alpha,Vertical,0.4829638450382242
S065,T0,Beta,Vertical,0.6140054604656723
S065,T1,Beta,Vertical,0.6320170580631929
S065,T2,Beta,Vertical,0.6100958286038556
S066,T0,Raw,Horizontal,0.7537662820123217
S066,T1,Raw,Horizontal,0.7601371326092821
S066,T2,Raw,Horizontal,0.750435237363188
S066,T0,Alpha,Horizontal,0.7115070581655113
S066,T1,Alpha,Horizontal,0.7227367109813962
S066,T2,Alpha,Horizontal,0.7253399758873503
S066,T0,Beta,Horizontal,0.7230891982150717
S066,T1,Beta,Horizontal,0.7307497007469073
S066,T2,Beta,Horizontal,0.7299478305757036
S066,T0,Raw,Vertical,0.6998274350354391
S066,T1,Raw,Vertical,0.6538020061582913
S066,T2,Raw,Vertical,0.7060222421289413
S066,T0,Alpha,Vertical,0.7334167004142863
S066,T1,Alpha,Vertical,0.7383608733285971
S066,T2,Alpha,Vertical,0.7402953291592178
S066,T0,Beta,Vertical,0.7363826319054624
S066,T1,Beta,Vertical,0.7318146385023457
S066,T2,Beta,Vertical,0.7346177770828757
S067,T0,Raw,Horizontal,0.7453231792756747
S067,T1,Raw,Horizontal,0.7410687725199014
S067,T2,Raw,Horizontal,0.749012600625358
S067,T0,Alpha,Horizontal,0.624012824718557
S067,T1,Alpha,Horizontal,0.6247120309098765
S067,T2,Alpha,Horizontal,0.6110915705099957
S067,T0,Beta,Horizontal,0.7013500262420211
S067,T1,Beta,Horizontal,0.7044148380875089
S067,T2,Beta,Horizontal,0.7135240774181397
S067,T0,Raw,Vertical,0.682629386808905
S067,T1,Raw,Vertical,0.7004783434200345
S067,T2,Raw,Vertical,0.722103709617812
S067,T0,Alpha,Vertical,0.6694714088899301
S067,T1,Alpha,Vertical,0.6840536718410039
S067,T2,Alpha,Vertical,0.7077248250987315
S067,T0,Beta,Vertical,0.7289744428786902
S067,T1,Beta,Vertical,0.7398960805145615
S067,T2,Beta,Vertical,0.7347635089215494
S068,T0,Raw,Horizontal,0.7118964092960668
S068,T1,Raw,Horizontal,0.7285496441949172
S068,T2,Raw,Horizontal,0.7187318467375645
S068,T0,Alpha,Horizontal,0.6675981918749883
S068,T1,Alpha,Horizontal,0.655988495614564
S068,T2,Alpha,Horizontal,0.6421429735793716
S068,T0,Beta,Horizontal,0.6906970450903036
S068,T1,Beta,Horizontal,0.6995309547185367
S068,T2,Beta,Horizontal,0.6826750956809301
S068,T0,Raw,Vertical,0.5971219724130652
S068,T1,Raw,Vertical,0.6172473370599803
S068,T2,Raw,Vertical,0.6121038988495368
S068,T0,Alpha,Vertical,0.6678453258766759
S068,T1,Alpha,Vertical,0.6627222909758019
S068,T2,Alpha,Vertical,0.6565794523966393
S068,T0,Beta,Vertical,0.7446388261581736
S068,T1,Beta,Vertical,0.7388160467676029
S068,T2,Beta,Vertical,0.7382139685357954
S069,T0,Raw,Horizontal,0.7314044300141488
S069,T1,Raw,Horizontal,0.7356068126025528
S069,T2,Raw,Horizontal,0.7278229966020008
S069,T0,Alpha,Horizontal,0.5957502140765887
S069,T1,Alpha,Horizontal,0.615938698640025
S069,T2,Alpha,Horizontal,0.6092579664757558
S069,T0,Beta,Horizontal,0.6382828689854297
S069,T1,Beta,Horizontal,0.6423298036147507
S069,T2,Beta,Horizontal,0.6381200948997346
S069,T0,Raw,Vertical,0.6504365269656588
S069,T1,Raw,Vertical,0.6628009122489054
S069,T2,Raw,Vertical,0.6354034701568728
S069,T0,Alpha,Vertical,0.6027663718486088
S069,T1,Alpha,Vertical,0.5848943949794909
S069,T2,Alpha,Vertical,0.6094550448535099
S069,T0,Beta,Vertical,0.6698128583042258
S069,T1,Beta,Vertical,0.6663374392652618
S069,T2,Beta,Vertical,0.6663911898254591
S070,T0,Raw,Horizontal,0.754276677083041
S070,T1,Raw,Horizontal,0.759888457173331
S070,T2,Raw,Horizontal,0.7505507302309166
S070,T0,Alpha,Horizontal,0.6367613040357664
S070,T1,Alpha,Horizontal,0.624823969452212
S070,T2,Alpha,Horizontal,0.6201419537124926
S070,T0,Beta,Horizontal,0.6687183256867543
S070,T1,Beta,Horizontal,0.6624030956373155
S070,T2,Beta,Horizontal,0.662520111883129
S070,T0,Raw,Vertical,0.7507940629673155
S070,T1,Raw,Vertical,0.7723618615871716
S070,T2,Raw,Vertical,0.7498312504171445
S070,T0,Alpha,Vertical,0.6673928917958698
S070,T1,Alpha,Vertical,0.6467744804768583
S070,T2,Alpha,Vertical,0.6812309710110172
S070,T0,Beta,Vertical,0.7144248304059454
S070,T1,Beta,Vertical,0.7060643477616961
S070,T2,Beta,Vertical,0.7150696455565367
S071,T0,Raw,Horizontal,0.7183920816817048
S071,T1,Raw,Horizontal,0.7231812978968862
S071,T2,Raw,Horizontal,0.7210205166579357
S071,T0,Alpha,Horizontal,0.6445623670596834
S071,T1,Alpha,Horizontal,0.6460207490943115
S071,T2,Alpha,Horizontal,0.6469755636811055
S071,T0,Beta,Horizontal,0.6511392321957935
S071,T1,Beta,Horizontal,0.6580524853370424
S071,T2,Beta,Horizontal,0.652375537099415
S071,T0,Raw,Vertical,0.6325620714348111
S071,T1,Raw,Vertical,0.6639177376432955
S071,T2,Raw,Vertical,0.6105659642392048
S071,T0,Alpha,Vertical,0.6717784061059032
S071,T1,Alpha,Vertical,0.6784346504436792
S071,T2,Alpha,Vertical,0.678845399061428
S071,T0,Beta,Vertical,0.7020826169096722
S071,T1,Beta,Vertical,0.6989328665645361
S071,T2,Beta,Vertical,0.7004090220079731
S072,T0,Raw,Horizontal,0.7289844644319939
S072,T1,Raw,Horizontal,0.7444072619679514
S072,T2,Raw,Horizontal,0.7414818463975285
S072,T0,Alpha,Horizontal,0.583207940416803
S072,T1,Alpha,Horizontal,0.6093125010922782
S072,T2,Alpha,Horizontal,0.6103002684603139
S072,T0,Beta,Horizontal,0.656573775828588
S072,T1,Beta,Horizontal,0.6602670506086376
S072,T2,Beta,Horizontal,0.6543326211522048
S072,T0,Raw,Vertical,0.6245986978726634
S072,T1,Raw,Vertical,0.6482817030092636
S072,T2,Raw,Vertical,0.6043653206282019
S072,T0,Alpha,Vertical,0.6281538898314605
S072,T1,Alpha,Vertical,0.6417704708313173
S072,T2,Alpha,Vertical,0.6338341457515899
S072,T0,Beta,Vertical,0.6835189112730946
S072,T1,Beta,Vertical,0.6940690013227071
S072,T2,Beta,Vertical,0.6950876284033598
S073,T0,Raw,Horizontal,0.7365119390936603
S073,T1,Raw,Horizontal,0.7480678956841458
S073,T2,Raw,Horizontal,0.7208926322078727
S073,T0,Alpha,Horizontal,0.6543856421185998
S073,T1,Alpha,Horizontal,0.6530438144644582
S073,T2,Alpha,Horizontal,0.6673937181468554
S073,T0,Beta,Horizontal,0.6706173661263366
S073,T1,Beta,Horizontal,0.6619462036036209
S073,T2,Beta,Horizontal,0.6626580405031478
S073,T0,Raw,Vertical,0.7021519900066288
S073,T1,Raw,Vertical,0.6561366256440948
S073,T2,Raw,Vertical,0.6843157207096241
S073,T0,Alpha,Vertical,0.6266165395577097
S073,T1,Alpha,Vertical,0.6083841390409422
S073,T2,Alpha,Vertical,0.6387686827187408
S073,T0,Beta,Vertical,0.6820853060337754
S073,T1,Beta,Vertical,0.6729982245270758
S073,T2,Beta,Vertical,0.6837789587235519
S074,T0,Raw,Horizontal,0.7044838646974926
S074,T1,Raw,Horizontal,0.7030860857002997
S074,T2,Raw,Horizontal,0.6771370226843817
S074,T0,Alpha,Horizontal,0.6707655872771965
S074,T1,Alpha,Horizontal,0.6681657426310088
S074,T2,Alpha,Horizontal,0.6362505497414405
S074,T0,Beta,Horizontal,0.699174513020491
S074,T1,Beta,Horizontal,0.6949768503679487
S074,T2,Beta,Horizontal,0.6975870254962276
S074,T0,Raw,Vertical,0.6252496855861666
S074,T1,Raw,Vertical,0.6371832888350492
S074,T2,Raw,Vertical,0.6099951791677445
S074,T0,Alpha,Vertical,0.6158152367632779
S074,T1,Alpha,Vertical,0.6474717051645416
S074,T2,Alpha,Vertical,0.6273909913772848
S074,T0,Beta,Vertical,0.7050123645358272
S074,T1,Beta,Vertical,0.7155434461457286
S074,T2,Beta,Vertical,0.7067047522237757
S075,T0,Raw,Horizontal,0.720729294408041
S075,T1,Raw,Horizontal,0.7393369168746101
S075,T2,Raw,Horizontal,0.7337706323235541
S075,T0,Alpha,Horizontal,0.6413009854263187
S075,T1,Alpha,Horizontal,0.650380944236021
S075,T2,Alpha,Horizontal,0.6594736543083679
S075,T0,Beta,Horizontal,0.65305597623132
S075,T1,Beta,Horizontal,0.649183412781621
S075,T2,Beta,Horizontal,0.6548099658417655
S075,T0,Raw,Vertical,0.6585398818462326
S075,T1,Raw,Vertical,0.6192260473291018
S075,T2,Raw,Vertical,0.6076375675875447
S075,T0,Alpha,Vertical,0.608022593669869
S075,T1,Alpha,Vertical,0.5869780342333937
S075,T2,Alpha,Vertical,0.6186558433263558
S075,T0,Beta,Vertical,0.6995529395264733
S075,T1,Beta,Vertical,0.6925493446418389
S075,T2,Beta,Vertical,0.6975177781592421
S076,T0,Raw,Horizontal,0.7207014966202046
S076,T1,Raw,Horizontal,0.741171389833429
S076,T2,Raw,Horizontal,0.7554142573977786
S076,T0,Alpha,Horizontal,0.6603298567657933
S076,T1,Alpha,Horizontal,0.6649388864163979
S076,T2,Alpha,Horizontal,0.6831934611844398
S076,T0,Beta,Horizontal,0.6832577106826624
S076,T1,Beta,Horizontal,0.6819120827410816
S076,T2,Beta,Horizontal,0.6909474491292366
S076,T0,Raw,Vertical,0.6229987641978684
S076,T1,Raw,Vertical,0.5999242781850639
S076,T2,Raw,Vertical,0.6653100992442609
S076,T0,Alpha,Vertical,0.6104707997076422
S076,T1,Alpha,Vertical,0.6177489743291112
S076,T2,Alpha,Vertical,0.6079788139273118
S076,T0,Beta,Vertical,0.6991710685089846
S076,T1,Beta,Vertical,0.6927148629084358
S076,T2,Beta,Vertical,0.7055448306878078
S077,T0,Raw,Horizontal,0.7196092130607675
S077,T1,Raw,Horizontal,0.712286810873781
S077,T2,Raw,Horizontal,0.7143279134977107
S077,T0,Alpha,Horizontal,0.640123941649048
S077,T1,Alpha,Horizontal,0.6552826709531883
S077,T2,Alpha,Horizontal,0.6536227451571202
S077,T0,Beta,Horizontal,0.6893087539832409
S077,T1,Beta,Horizontal,0.6901876120194215
S077,T2,Beta,Horizontal,0.6841973356170072
S077,T0,Raw,Vertical,0.622071190093431
S077,T1,Raw,Vertical,0.5403805971603737
S077,T2,Raw,Vertical,0.5582735932545438
S077,T0,Alpha,Vertical,0.6154926205037459
S077,T1,Alpha,Vertical,0.6268106884574335
S077,T2,Alpha,Vertical,0.6114898484889315
S077,T0,Beta,Vertical,0.680606172029967
S077,T1,Beta,Vertical,0.7083898265718144
S077,T2,Beta,Vertical,0.6963110785685837
S078,T0,Raw,Horizontal,0.7470791392518586
S078,T1,Raw,Horizontal,0.7491204784901145
S078,T2,Raw,Horizontal,0.7474816739223625
S078,T0,Alpha,Horizontal,0.6733381341349867
S078,T1,Alpha,Horizontal,0.6790028657260748
S078,T2,Alpha,Horizontal,0.6744932538519418
S078,T0,Beta,Horizontal,0.6835128450090191
S078,T1,Beta,Horizontal,0.6943368924245755
S078,T2,Beta,Horizontal,0.6807092329989406
S078,T0,Raw,Vertical,0.7445468871184378
S078,T1,Raw,Vertical,0.7588236592894541
S078,T2,Raw,Vertical,0.7326684240168508
S078,T0,Alpha,Vertical,0.6704436583433767
S078,T1,Alpha,Vertical,0.670441751310402
S078,T2,Alpha,Vertical,0.6433836701529693
S078,T0,Beta,Vertical,0.694259625494841
S078,T1,Beta,Vertical,0.6979705925148291
S078,T2,Beta,Vertical,0.6878670255118967
S079,T0,Raw,Horizontal,0.7502389116400728
S079,T1,Raw,Horizontal,0.7626945515469392
S079,T2,Raw,Horizontal,0.7513262602372962
S079,T0,Alpha,Horizontal,0.6722687489061363
S079,T1,Alpha,Horizontal,0.6783243831926361
S079,T2,Alpha,Horizontal,0.6852316167498856
S079,T0,Beta,Horizontal,0.6786407588417263
S079,T1,Beta,Horizontal,0.6839167308308102
S079,T2,Beta,Horizontal,0.6855522579606032
S079,T0,Raw,Vertical,0.6641345225688583
S079,T1,Raw,Vertical,0.7279699129713884
S079,T2,Raw,Vertical,0.7381658685106384
S079,T0,Alpha,Vertical,0.6207769511945499
S079,T1,Alpha,Vertical,0.6460581009068798
S079,T2,Alpha,Vertical,0.665631978956884
S079,T0,Beta,Vertical,0.6824035538413168
S079,T1,Beta,Vertical,0.6758900917041564
S079,T2,Beta,Vertical,0.6966412662163805
S080,T0,Raw,Horizontal,0.7451196553349231
S080,T1,Raw,Horizontal,0.7427259531416232
S080,T2,Raw,Horizontal,0.7420183329555594
S080,T0,Alpha,Horizontal,0.648317618486587
S080,T1,Alpha,Horizontal,0.6489374014555978
S080,T2,Alpha,Horizontal,0.6505563484719864
S080,T0,Beta,Horizontal,0.664895027331922
S080,T1,Beta,Horizontal,0.6745378610708188
S080,T2,Beta,Horizontal,0.664112975629669
S080,T0,Raw,Vertical,0.4484483260184969
S080,T1,Raw,Vertical,0.4964297751370286
S080,T2,Raw,Vertical,0.47079688543234605
S080,T0,Alpha,Vertical,0.606417501986189
S080,T1,Alpha,Vertical,0.5902661855378207
S080,T2,Alpha,Vertical,0.5679258384581071
S080,T0,Beta,Vertical,0.6720216154082659
S080,T1,Beta,Vertical,0.664175897310071
S080,T2,Beta,Vertical,0.658860135131912
S081,T0,Raw,Horizontal,0.7122507435139299
S081,T1,Raw,Horizontal,0.7346262045468339
S081,T2,Raw,Horizontal,0.7392191184653559
S081,T0,Alpha,Horizontal,0.594227745380236
S081,T1,Alpha,Horizontal,0.5971196067563025
S081,T2,Alpha,Horizontal,0.5927110882272824
S081,T0,Beta,Horizontal,0.6384896724384105
S081,T1,Beta,Horizontal,0.6500405983599381
S081,T2,Beta,Horizontal,0.6331370586198767
S081,T0,Raw,Vertical,0.6953032610709896
S081,T1,Raw,Vertical,0.7139470471682664
S081,T2,Raw,Vertical,0.7102206457060726
S081,T0,Alpha,Vertical,0.6468616392762975
S081,T1,Alpha,Vertical,0.6365618344742671
S081,T2,Alpha,Vertical,0.6411674690263942
S081,T0,Beta,Vertical,0.6993948659328616
S081,T1,Beta,Vertical,0.7024771312776676
S081,T2,Beta,Vertical,0.7079609210859837
S082,T0,Raw,Horizontal,0.7202636383324753
S082,T1,Raw,Horizontal,0.718080366828225
S082,T2,Raw,Horizontal,0.718124635121807
S082,T0,Alpha,Horizontal,0.6547534078722962
S082,T1,Alpha,Horizontal,0.6595306060570224
S082,T2,Alpha,Horizontal,0.6799888956384289
S082,T0,Beta,Horizontal,0.6750621597038737
S082,T1,Beta,Horizontal,0.678951489232989
S082,T2,Beta,Horizontal,0.6851101043591531
S082,T0,Raw,Vertical,0.6313099071373771
S082,T1,Raw,Vertical,0.5787803835846975
S082,T2,Raw,Vertical,0.5911614448207546
S082,T0,Alpha,Vertical,0.6011635890409543
S082,T1,Alpha,Vertical,0.5813341379493577
S082,T2,Alpha,Vertical,0.5820355226481652
S082,T0,Beta,Vertical,0.7110252559329877
S082,T1,Beta,Vertical,0.7024333973510758
S082,T2,Beta,Vertical,0.7108852869935702
S083,T0,Raw,Horizontal,0.7562825251718923
S083,T1,Raw,Horizontal,0.7260305515897645
S083,T2,Raw,Horizontal,0.7173459294728638
S083,T0,Alpha,Horizontal,0.7029045310886359
S083,T1,Alpha,Horizontal,0.690624818006948
S083,T2,Alpha,Horizontal,0.6928557520015856
S083,T0,Beta,Horizontal,0.7187009806620754
S083,T1,Beta,Horizontal,0.7140533490421055
S083,T2,Beta,Horizontal,0.7164811466753084
S083,T0,Raw,Vertical,0.752227515935404
S083,T1,Raw,Vertical,0.7465033167419052
S083,T2,Raw,Vertical,0.775782966243532
S083,T0,Alpha,Vertical,0.7182265328779744
S083,T1,Alpha,Vertical,0.7136710701541232
S083,T2,Alpha,Vertical,0.7001652351121157
S083,T0,Beta,Vertical,0.7474029175406545
S083,T1,Beta,Vertical,0.7393093805669343
S083,T2,Beta,Vertical,0.740967214291959
S084,T0,Raw,Horizontal,0.7523420566535813
S084,T1,Raw,Horizontal,0.745579682315103
S084,T2,Raw,Horizontal,0.7553554751023168
S084,T0,Alpha,Horizontal,0.7268601809533486
S084,T1,Alpha,Horizontal,0.7226880926061159
S084,T2,Alpha,Horizontal,0.7363056711547505
S084,T0,Beta,Horizontal,0.7206302674759899
S084,T1,Beta,Horizontal,0.724834374437432
S084,T2,Beta,Horizontal,0.725674116179774
S084,T0,Raw,Vertical,0.6611307501492891
S084,T1,Raw,Vertical,0.6708558987957214
S084,T2,Raw,Vertical,0.6494257500418461
S084,T0,Alpha,Vertical,0.7270375363718007
S084,T1,Alpha,Vertical,0.7071909136078408
S084,T2,Alpha,Vertical,0.7404893270969052
S084,T0,Beta,Vertical,0.7525424150205754
S084,T1,Beta,Vertical,0.7454305518459086
S084,T2,Beta,Vertical,0.7628008963688775
S085,T0,Raw,Horizontal,0.7211479103956976
S085,T1,Raw,Horizontal,0.7426785209598009
S085,T2,Raw,Horizontal,0.7283964216576917
S085,T0,Alpha,Horizontal,0.6391257992014503
S085,T1,Alpha,Horizontal,0.6197463574256437
S085,T2,Alpha,Horizontal,0.6484287261148574
S085,T0,Beta,Horizontal,0.63715542125892
S085,T1,Beta,Horizontal,0.629968593879561
S085,T2,Beta,Horizontal,0.6402695030638155
S085,T0,Raw,Vertical,0.6352810376190108
S085,T1,Raw,Vertical,0.6947192686509392
S085,T2,Raw,Vertical,0.6554080178395902
S085,T0,Alpha,Vertical,0.6033903084454856
S085,T1,Alpha,Vertical,0.6062923825161357
S085,T2,Alpha,Vertical,0.6323748827513359
S085,T0,Beta,Vertical,0.6648799809058858
S085,T1,Beta,Vertical,0.6662027268016995
S085,T2,Beta,Vertical,0.6696486636421868
S086,T0,Raw,Horizontal,0.7189276248913153
S086,T1,Raw,Horizontal,0.7103065124015074
S086,T2,Raw,Horizontal,0.6950797927081351
S086,T0,Alpha,Horizontal,0.6430217008671598
S086,T1,Alpha,Horizontal,0.6456247915631821
S086,T2,Alpha,Horizontal,0.6279203589289981
S086,T0,Beta,Horizontal,0.665589058781889
S086,T1,Beta,Horizontal,0.6600721924845725
S086,T2,Beta,Horizontal,0.646886746244298
S086,T0,Raw,Vertical,0.7065795932460853
S086,T1,Raw,Vertical,0.67249447273388
S086,T2,Raw,Vertical,0.688870566786387
S086,T0,Alpha,Vertical,0.6304966049453425
S086,T1,Alpha,Vertical,0.6034762028675981
S086,T2,Alpha,Vertical,0.6033430269078877
S086,T0,Beta,Vertical,0.6982654546123314
S086,T1,Beta,Vertical,0.681589823508517
S086,T2,Beta,Vertical,0.6604526934944384
S087,T0,Raw,Horizontal,0.7283787825867453
S087,T1,Raw,Horizontal,0.7332879617796303
S087,T2,Raw,Horizontal,0.737921341260164
S087,T0,Alpha,Horizontal,0.6942970474022508
S087,T1,Alpha,Horizontal,0.6765236256115031
S087,T2,Alpha,Horizontal,0.7011347553482545
S087,T0,Beta,Horizontal,0.6884919938695947
S087,T1,Beta,Horizontal,0.6870119807393933
S087,T2,Beta,Horizontal,0.6854467290997375
S087,T0,Raw,Vertical,0.6570717469451126
S087,T1,Raw,Vertical,0.6833065195098104
S087,T2,Raw,Vertical,0.6450420644006876
S087,T0,Alpha,Vertical,0.6517944358159956
S087,T1,Alpha,Vertical,0.6427294411340582
S087,T2,Alpha,Vertical,0.6503077851503052
S087,T0,Beta,Vertical,0.7044020326812154
S087,T1,Beta,Vertical,0.713506592943627
S087,T2,Beta,Vertical,0.6981726470104787
S088,T0,Raw,Horizontal,0.6936179698039232
S088,T1,Raw,Horizontal,0.7091435525962905
S088,T2,Raw,Horizontal,0.6988453888763007
S088,T0,Alpha,Horizontal,0.622173217096035
S088,T1,Alpha,Horizontal,0.6167680063612382
S088,T2,Alpha,Horizontal,0.6083944160178192
S088,T0,Beta,Horizontal,0.6561217879144645
S088,T1,Beta,Horizontal,0.6496202204114463
S088,T2,Beta,Horizontal,0.6458306147426115
S088,T0,Raw,Vertical,0.6627686995026585
S088,T1,Raw,Vertical,0.6857310223227455
S088,T2,Raw,Vertical,0.6691822173920967
S088,T0,Alpha,Vertical,0.5769327168045071
S088,T1,Alpha,Vertical,0.60292373697762
S088,T2,Alpha,Vertical,0.58167867571004
S088,T0,Beta,Vertical,0.667588418824076
S088,T1,Beta,Vertical,0.6713113737901262
S088,T2,Beta,Vertical,0.6648696894722186
S089,T0,Raw,Horizontal,0.7318732225240256
S089,T1,Raw,Horizontal,0.7276825585837309
S089,T2,Raw,Horizontal,0.7277137506112855
S089,T0,Alpha,Horizontal,0.6316566095273438
S089,T1,Alpha,Horizontal,0.6250046557982476
S089,T2,Alpha,Horizontal,0.626847774844401
S089,T0,Beta,Horizontal,0.6692083448932191
S089,T1,Beta,Horizontal,0.6702236452065385
S089,T2,Beta,Horizontal,0.679167289496078
S089,T0,Raw,Vertical,0.5648503969786829
S089,T1,Raw,Vertical,0.6285159705593786
S089,T2,Raw,Vertical,0.6536428631915128
S089,T0,Alpha,Vertical,0.5918528167343261
S089,T1,Alpha,Vertical,0.6311183420927927
S089,T2,Alpha,Vertical,0.610946804502059
S089,T0,Beta,Vertical,0.7131099850685185
S089,T1,Beta,Vertical,0.7330154614937402
S089,T2,Beta,Vertical,0.7128531240698159
S090,T0,Raw,Horizontal,0.7262323782792894
S090,T1,Raw,Horizontal,0.7264454241295059
S090,T2,Raw,Horizontal,0.7263535456019962
S090,T0,Alpha,Horizontal,0.6195648920555948
S090,T1,Alpha,Horizontal,0.6267533976949788
S090,T2,Alpha,Horizontal,0.6280830480959906
S090,T0,Beta,Horizontal,0.677102123277229
S090,T1,Beta,Horizontal,0.6756004103272119
S090,T2,Beta,Horizontal,0.6805860654930919
S090,T0,Raw,Vertical,0.4959235828403487
S090,T1,Raw,Vertical,0.5453082457643438
S090,T2,Raw,Vertical,0.5683484683242235
S090,T0,Alpha,Vertical,0.5183157535580867
S090,T1,Alpha,Vertical,0.5357907034976097
S090,T2,Alpha,Vertical,0.524003609913901
S090,T0,Beta,Vertical,0.6686652305012852
S090,T1,Beta,Vertical,0.6801717952529713
S090,T2,Beta,Vertical,0.6872062939669912
S091,T0,Raw,Horizontal,0.7214096071166811
S091,T1,Raw,Horizontal,0.7122472898190381
S091,T2,Raw,Horizontal,0.7066005706288956
S091,T0,Alpha,Horizontal,0.6378894849174307
S091,T1,Alpha,Horizontal,0.6229007063279601
S091,T2,Alpha,Horizontal,0.6109629240273954
S091,T0,Beta,Horizontal,0.6524043210623514
S091,T1,Beta,Horizontal,0.6427738246784857
S091,T2,Beta,Horizontal,0.6411853648966162
S091,T0,Raw,Vertical,0.7040413592895889
S091,T1,Raw,Vertical,0.7000841976416923
S091,T2,Raw,Vertical,0.6923021556571772
S091,T0,Alpha,Vertical,0.6611687215449892
S091,T1,Alpha,Vertical,0.6549697013188647
S091,T2,Alpha,Vertical,0.6364043457054908
S091,T0,Beta,Vertical,0.7126413680476213
S091,T1,Beta,Vertical,0.7035644537611905
S091,T2,Beta,Vertical,0.6914022632857597
S092,T0,Raw,Horizontal,0.7022262678236179
S092,T1,Raw,Horizontal,0.7274531982268582
S092,T2,Raw,Horizontal,0.7279243025337522
S092,T0,Alpha,Horizontal,0.6808693274923951
S092,T1,Alpha,Horizontal,0.6782620011929442
S092,T2,Alpha,Horizontal,0.6661083642192134
S092,T0,Beta,Horizontal,0.6943062543952748
S092,T1,Beta,Horizontal,0.6941973461355095
S092,T2,Beta,Horizontal,0.68613489288875
S092,T0,Raw,Vertical,0.6297772271846128
S092,T1,Raw,Vertical,0.6232972852559057
S092,T2,Raw,Vertical,0.622173627900773
S092,T0,Alpha,Vertical,0.6528652829771627
S092,T1,Alpha,Vertical,0.6640077738036968
S092,T2,Alpha,Vertical,0.6451243625393689
S092,T0,Beta,Vertical,0.6834962823924721
S092,T1,Beta,Vertical,0.6826566582498907
S092,T2,Beta,Vertical,0.6754571312068354
S093,T0,Raw,Horizontal,0.7370387646432767
S093,T1,Raw,Horizontal,0.7450828208069085
S093,T2,Raw,Horizontal,0.74069235277504
S093,T0,Alpha,Horizontal,0.6549882694486576
S093,T1,Alpha,Horizontal,0.6540215159184903
S093,T2,Alpha,Horizontal,0.6593448941296925
S093,T0,Beta,Horizontal,0.6805895106563471
S093,T1,Beta,Horizontal,0.6733719560708183
S093,T2,Beta,Horizontal,0.6804501068540908
S093,T0,Raw,Vertical,0.6624488457889015
S093,T1,Raw,Vertical,0.682228053553544
S093,T2,Raw,Vertical,0.670990098338628
S093,T0,Alpha,Vertical,0.6136237201856188
S093,T1,Alpha,Vertical,0.5846027558283156
S093,T2,Alpha,Vertical,0.625617675318562
S093,T0,Beta,Vertical,0.6439197655212536
S093,T1,Beta,Vertical,0.6234392363805898
S093,T2,Beta,Vertical,0.6442210897525605
S094,T0,Raw,Horizontal,0.7600610402601841
S094,T1,Raw,Horizontal,0.7601315563295603
S094,T2,Raw,Horizontal,0.7579764065162453
S094,T0,Alpha,Horizontal,0.7184870925536972
S094,T1,Alpha,Horizontal,0.7139369424082644
S094,T2,Alpha,Horizontal,0.718083910647977
S094,T0,Beta,Horizontal,0.711867089310243
S094,T1,Beta,Horizontal,0.7168470009847657
S094,T2,Beta,Horizontal,0.7200581917450639
S094,T0,Raw,Vertical,0.7721975248167684
S094,T1,Raw,Vertical,0.7868594774691654
S094,T2,Raw,Vertical,0.7741785711411057
S094,T0,Alpha,Vertical,0.7128581245648649
S094,T1,Alpha,Vertical,0.7258350206883581
S094,T2,Alpha,Vertical,0.6995024330582079
S094,T0,Beta,Vertical,0.7479230958075314
S094,T1,Beta,Vertical,0.7408367059966933
S094,T2,Beta,Vertical,0.748469919114464
S095,T0,Raw,Horizontal,0.735315747947968
S095,T1,Raw,Horizontal,0.7262448300597697
S095,T2,Raw,Horizontal,0.7410927141068608
S095,T0,Alpha,Horizontal,0.6575194559434145
S095,T1,Alpha,Horizontal,0.6444186852216569
S095,T2,Alpha,Horizontal,0.6514269252228612
S095,T0,Beta,Horizontal,0.6707524676106514
S095,T1,Beta,Horizontal,0.6637387179023072
S095,T2,Beta,Horizontal,0.6679942468423179
S095,T0,Raw,Vertical,0.5317493536521188
S095,T1,Raw,Vertical,0.571120729953306
S095,T2,Raw,Vertical,0.5752391920951805
S095,T0,Alpha,Vertical,0.6269483187196928
S095,T1,Alpha,Vertical,0.5989141134742281
S095,T2,Alpha,Vertical,0.6033513997901518
S095,T0,Beta,Vertical,0.6892998909205559
S095,T1,Beta,Vertical,0.6658278713887309
S095,T2,Beta,Vertical,0.6702493973865652
S096,T0,Raw,Horizontal,0.7362425452439385
S096,T1,Raw,Horizontal,0.7220620935317532
S096,T2,Raw,Horizontal,0.7224254269449597
S096,T0,Alpha,Horizontal,0.6777727078955373
S096,T1,Alpha,Horizontal,0.6726663003601295
S096,T2,Alpha,Horizontal,0.6827086148125833
S096,T0,Beta,Horizontal,0.6957292926610651
S096,T1,Beta,Horizontal,0.6965708020435358
S096,T2,Beta,Horizontal,0.698638102465065
S096,T0,Raw,Vertical,0.611282974344532
S096,T1,Raw,Vertical,0.5504227491718076
S096,T2,Raw,Vertical,0.5472880922609005
S096,T0,Alpha,Vertical,0.6871842216720877
S096,T1,Alpha,Vertical,0.6551341012442822
S096,T2,Alpha,Vertical,0.6820365528721672
S096,T0,Beta,Vertical,0.7319899031463557
S096,T1,Beta,Vertical,0.7344300317031546
S096,T2,Beta,Vertical,0.7195877045176078
S097,T0,Raw,Horizontal,0.7186334993731606
S097,T1,Raw,Horizontal,0.7485212742823556
S097,T2,Raw,Horizontal,0.7157220606305957
S097,T0,Alpha,Horizontal,0.6457225573540168
S097,T1,Alpha,Horizontal,0.6446892582374515
S097,T2,Alpha,Horizontal,0.64159677405522
S097,T0,Beta,Horizontal,0.6811251335570744
S097,T1,Beta,Horizontal,0.681952433949303
S097,T2,Beta,Horizontal,0.6769645050240373
S097,T0,Raw,Vertical,0.6590064256549649
S097,T1,Raw,Vertical,0.6441459227401147
S097,T2,Raw,Vertical,0.6667712127989861
S097,T0,Alpha,Vertical,0.5605148155585399
S097,T1,Alpha,Vertical,0.6101846569051678
S097,T2,Alpha,Vertical,0.612311117950258
S097,T0,Beta,Vertical,0.6705745242762678
S097,T1,Beta,Vertical,0.6951784498121697
S097,T2,Beta,Vertical,0.6890823341442294
S098,T0,Raw,Horizontal,0.7055208822237172
S098,T1,Raw,Horizontal,0.7100264471377746
S098,T2,Raw,Horizontal,0.7012894039562269
S098,T0,Alpha,Horizontal,0.5521737414427627
S098,T1,Alpha,Horizontal,0.536163156918567
S098,T2,Alpha,Horizontal,0.5674432905279007
S098,T0,Beta,Horizontal,0.6600913566275454
S098,T1,Beta,Horizontal,0.6598123944580948
S098,T2,Beta,Horizontal,0.6699646307380555
S098,T0,Raw,Vertical,0.6250659413556694
S098,T1,Raw,Vertical,0.6381558706786156
S098,T2,Raw,Vertical,0.6525977385546553
S098,T0,Alpha,Vertical,0.5776975347261712
S098,T1,Alpha,Vertical,0.6142781779025631
S098,T2,Alpha,Vertical,0.5882411075306082
S098,T0,Beta,Vertical,0.667361181265368
S098,T1,Beta,Vertical,0.6727901699131811
S098,T2,Beta,Vertical,0.6708902944199414
S099,T0,Raw,Horizontal,0.7188063152415624
S099,T1,Raw,Horizontal,0.7326068406139167
S099,T2,Raw,Horizontal,0.7302020540671975
S099,T0,Alpha,Horizontal,0.6624485238252259
S099,T1,Alpha,Horizontal,0.6837089391915401
S099,T2,Alpha,Horizontal,0.6741717836014395
S099,T0,Beta,Horizontal,0.6987858734906213
S099,T1,Beta,Horizontal,0.6943508362390169
S099,T2,Beta,Horizontal,0.7028734833929275
S099,T0,Raw,Vertical,0.6256942272417678
S099,T1,Raw,Vertical,0.7031042111589171
S099,T2,Raw,Vertical,0.6672817223612068
S099,T0,Alpha,Vertical,0.6561328160235913
S099,T1,Alpha,Vertical,0.656625183231443
S099,T2,Alpha,Vertical,0.6434726006454786
S099,T0,Beta,Vertical,0.7115875892921969
S099,T1,Beta,Vertical,0.7123646508680711
S099,T2,Beta,Vertical,0.7065130882096715
S100,T0,Raw,Horizontal,0.7442815616911632
S100,T1,Raw,Horizontal,0.7431051351664764
S100,T2,Raw,Horizontal,0.7411716053016167
S100,T0,Alpha,Horizontal,0.6816306940564628
S100,T1,Alpha,Horizontal,0.690328543704492
S100,T2,Alpha,Horizontal,0.6789451808212739
S100,T0,Beta,Horizontal,0.6889280359154066
S100,T1,Beta,Horizontal,0.6996523921552417
S100,T2,Beta,Horizontal,0.6865866443955613
S100,T0,Raw,Vertical,0.7435187157997569
S100,T1,Raw,Vertical,0.7192841568579771
S100,T2,Raw,Vertical,0.7566970918009731
S100,T0,Alpha,Vertical,0.6917952317138758
S100,T1,Alpha,Vertical,0.7005085665654744
S100,T2,Alpha,Vertical,0.6994361352076359
S100,T0,Beta,Vertical,0.7322458996385435
S100,T1,Beta,Vertical,0.7242642131043482
S100,T2,Beta,Vertical,0.7238147878369858
S101,T0,Raw,Horizontal,0.7297776466199362
S101,T1,Raw,Horizontal,0.7269941300149592
S101,T2,Raw,Horizontal,0.7419151334841343
S101,T0,Alpha,Horizontal,0.6075417943136443
S101,T1,Alpha,Horizontal,0.6163141560886735
S101,T2,Alpha,Horizontal,0.6030767049345697
S101,T0,Beta,Horizontal,0.6694438251129683
S101,T1,Beta,Horizontal,0.6655899998553766
S101,T2,Beta,Horizontal,0.6676110153311949
S101,T0,Raw,Vertical,0.6431654045151979
S101,T1,Raw,Vertical,0.7100248856289462
S101,T2,Raw,Vertical,0.7400839350417074
S101,T0,Alpha,Vertical,0.632267198555962
S101,T1,Alpha,Vertical,0.6158232866481824
S101,T2,Alpha,Vertical,0.6086219708650479
S101,T0,Beta,Vertical,0.7076752900062456
S101,T1,Beta,Vertical,0.7035556465483653
S101,T2,Beta,Vertical,0.7117023027361704
S102,T0,Raw,Horizontal,0.7161416550788017
S102,T1,Raw,Horizontal,0.7032757417672251
S102,T2,Raw,Horizontal,0.6973305386971447
S102,T0,Alpha,Horizontal,0.5808739073086965
S102,T1,Alpha,Horizontal,0.5741665168217676
S102,T2,Alpha,Horizontal,0.5809847402805575
S102,T0,Beta,Horizontal,0.6086905465499368
S102,T1,Beta,Horizontal,0.6054150986945078
S102,T2,Beta,Horizontal,0.6032091633640307
S102,T0,Raw,Vertical,0.6937224110362343
S102,T1,Raw,Vertical,0.7012617030782342
S102,T2,Raw,Vertical,0.6938761930152194
S102,T0,Alpha,Vertical,0.5654547092491883
S102,T1,Alpha,Vertical,0.5496248066045493
S102,T2,Alpha,Vertical,0.5625544718149756
S102,T0,Beta,Vertical,0.6724841591868718
S102,T1,Beta,Vertical,0.6765950123666064
S102,T2,Beta,Vertical,0.6607151471380679
S103,T0,Raw,Horizontal,0.7323165428686119
S103,T1,Raw,Horizontal,0.7463784368583328
S103,T2,Raw,Horizontal,0.7513610930365034
S103,T0,Alpha,Horizontal,0.682527331416623
S103,T1,Alpha,Horizontal,0.6712809387160955
S103,T2,Alpha,Horizontal,0.662290287933629
S103,T0,Beta,Horizontal,0.6818592609908835
S103,T1,Beta,Horizontal,0.6782268524186831
S103,T2,Beta,Horizontal,0.6676001812395518
S103,T0,Raw,Vertical,0.6844858783286093
S103,T1,Raw,Vertical,0.6676708614877745
S103,T2,Raw,Vertical,0.7179769947372708
S103,T0,Alpha,Vertical,0.6131963078566189
S103,T1,Alpha,Vertical,0.6152860328282764
S103,T2,Alpha,Vertical,0.6118015749794178
S103,T0,Beta,Vertical,0.6770768575604429
S103,T1,Beta,Vertical,0.6765120204489747
S103,T2,Beta,Vertical,0.6710911455696196
S104,T0,Raw,Horizontal,0.7556304731387509
S104,T1,Raw,Horizontal,0.7493466839699392
S104,T2,Raw,Horizontal,0.7278662317612453
S104,T0,Alpha,Horizontal,0.6578504908333561
S104,T1,Alpha,Horizontal,0.6679280610434403
S104,T2,Alpha,Horizontal,0.6794256463840734
S104,T0,Beta,Horizontal,0.67468945312963
S104,T1,Beta,Horizontal,0.6748696718678573
S104,T2,Beta,Horizontal,0.6750081561486935
S104,T0,Raw,Vertical,0.48727936447908926
S104,T1,Raw,Vertical,0.49198768761024114
S104,T2,Raw,Vertical,0.5388159689368316
S104,T0,Alpha,Vertical,0.6339034588679487
S104,T1,Alpha,Vertical,0.6069171308529705
S104,T2,Alpha,Vertical,0.6091559190769865
S104,T0,Beta,Vertical,0.6864791752606584
S104,T1,Beta,Vertical,0.6727847387985554
S104,T2,Beta,Vertical,0.6732656018511826
S105,T0,Raw,Horizontal,0.7608188828570113
S105,T1,Raw,Horizontal,0.7618091073842371
S105,T2,Raw,Horizontal,0.7760943035856912
S105,T0,Alpha,Horizontal,0.6953303872584079
S105,T1,Alpha,Horizontal,0.6839838409305175
S105,T2,Alpha,Horizontal,0.6930311812413473
S105,T0,Beta,Horizontal,0.7214581919590067
S105,T1,Beta,Horizontal,0.7176187629824977
S105,T2,Beta,Horizontal,0.7197217807527683
S105,T0,Raw,Vertical,0.7704290746367098
S105,T1,Raw,Vertical,0.7889997517101968
S105,T2,Raw,Vertical,0.7558734446553671
S105,T0,Alpha,Vertical,0.6664780276621336
S105,T1,Alpha,Vertical,0.6788480845663735
S105,T2,Alpha,Vertical,0.6764046276478132
S105,T0,Beta,Vertical,0.725347600720056
S105,T1,Beta,Vertical,0.7217361981070901
S105,T2,Beta,Vertical,0.736987334850193
S106,T0,Raw,Horizontal,0.730450603427443
S106,T1,Raw,Horizontal,0.7340501122170072
S106,T2,Raw,Horizontal,0.7256208760767405
S106,T0,Alpha,Horizontal,0.5566344857981163
S106,T1,Alpha,Horizontal,0.5660700085786271
S106,T2,Alpha,Horizontal,0.5594558443277493
S106,T0,Beta,Horizontal,0.6498514368854363
S106,T1,Beta,Horizontal,0.6476804393373528
S106,T2,Beta,Horizontal,0.6302099684112754
S106,T0,Raw,Vertical,0.7218239830732804
S106,T1,Raw,Vertical,0.7382490560447268
S106,T2,Raw,Vertical,0.7068057154866568
S106,T0,Alpha,Vertical,0.6157438846745706
S106,T1,Alpha,Vertical,0.6534995516756767
S106,T2,Alpha,Vertical,0.600794375385565
S106,T0,Beta,Vertical,0.7152093498621265
S106,T1,Beta,Vertical,0.7153036307683055
S106,T2,Beta,Vertical,0.6947382274655249
S107,T0,Raw,Horizontal,0.7221738005031221
S107,T1,Raw,Horizontal,0.7227961125119388
S107,T2,Raw,Horizontal,0.7276832165703285
S107,T0,Alpha,Horizontal,0.614918578429835
S107,T1,Alpha,Horizontal,0.6290848166261643
S107,T2,Alpha,Horizontal,0.6122838544897514
S107,T0,Beta,Horizontal,0.6244223289724868
S107,T1,Beta,Horizontal,0.6389210999648559
S107,T2,Beta,Horizontal,0.6199067604549909
S107,T0,Raw,Vertical,0.5533849173558198
S107,T1,Raw,Vertical,0.5945053015985138
S107,T2,Raw,Vertical,0.5913868414814882
S107,T0,Alpha,Vertical,0.6030704793089838
S107,T1,Alpha,Vertical,0.5962069921128312
S107,T2,Alpha,Vertical,0.5644668251734669
S107,T0,Beta,Vertical,0.6697381587619038
S107,T1,Beta,Vertical,0.6569465082548966
S107,T2,Beta,Vertical,0.6535815675143569
S108,T0,Raw,Horizontal,0.7535129293476124
S108,T1,Raw,Horizontal,0.7472760943880048
S108,T2,Raw,Horizontal,0.7403887775567011
S108,T0,Alpha,Horizontal,0.7262600387237743
S108,T1,Alpha,Horizontal,0.7315375243013523
S108,T2,Alpha,Horizontal,0.7317885467312443
S108,T0,Beta,Horizontal,0.7247050821140923
S108,T1,Beta,Horizontal,0.7265194788801627
S108,T2,Beta,Horizontal,0.733095177753535
S108,T0,Raw,Vertical,0.7558284111863549
S108,T1,Raw,Vertical,0.7809874868164826
S108,T2,Raw,Vertical,0.7605946438748685
S108,T0,Alpha,Vertical,0.7654481599619186
S108,T1,Alpha,Vertical,0.7617623569996145
S108,T2,Alpha,Vertical,0.7565161476334793
S108,T0,Beta,Vertical,0.7660597419178201
S108,T1,Beta,Vertical,0.7576439399294237
S108,T2,Beta,Vertical,0.758940703181326
